round_id,round_number,seed_index,mode,model_name,training_round_count,training_analyzed_seed_count,training_cell_count,policy_name,samples_per_round,budget,episode_seed,executed_queries,score,weighted_kl,mean_prediction_entropy,mean_ground_truth_entropy,argmax_agreement_rate,predicted_class_mass,ground_truth_class_mass,residual_class_mass,support_full_pct,support_structural_pct,support_terrain_pct,support_global_pct,full_bucket_count_p10,full_bucket_count_p50,full_bucket_count_p90,visualization_seconds,top_kl_cells,report_path,manifest_path
8e839974-b13b-407b-a5e7-fc749d877195,4,0,online_interactive,hazard_posterior_v11__policy=regime_probe__samples=1__k=5__rank=3__ridge=32__mix=70__obs=8__t=150,2,0,0,regime_probe_v1,1,50,0,50,89.24150379725545,0.03794132180289512,0.5731506932159222,0.45210741165846485,0.995,"[0.6570281568322381, 0.11347828635278451, 0.01156542179604432, 0.00907963567588961, 0.1891037099940446, 0.019744789348998874]","[0.6722437500000013, 0.07697500000000007, 0.006021875000000002, 0.007090625000000009, 0.21829374999999962, 0.019375]","[-0.015215593167763108, 0.036503286352784436, 0.005543546796044318, 0.0019890106758896015, -0.029190040005955015, 0.0003697893489988738]",,,,,,,,,"[{""ground_truth_class_index"": 4, ""ground_truth_class_name"": ""forest"", ""kl"": 3.1323818446024454, ""predicted_class_index"": 0, ""predicted_class_name"": ""empty"", ""x"": 35, ""y"": 38}, {""ground_truth_class_index"": 4, ""ground_truth_class_name"": ""forest"", ""kl"": 2.528695246933446, ""predicted_class_index"": 0, ""predicted_class_name"": ""empty"", ""x"": 36, ""y"": 38}, {""ground_truth_class_index"": 4, ""ground_truth_class_name"": ""forest"", ""kl"": 1.969324861083691, ""predicted_class_index"": 0, ""predicted_class_name"": ""empty"", ""x"": 37, ""y"": 38}, {""ground_truth_class_index"": 4, ""ground_truth_class_name"": ""forest"", ""kl"": 1.7208758861105447, ""predicted_class_index"": 0, ""predicted_class_name"": ""empty"", ""x"": 32, ""y"": 38}, {""ground_truth_class_index"": 4, ""ground_truth_class_name"": ""forest"", ""kl"": 1.2427786799576213, ""predicted_class_index"": 0, ""predicted_class_name"": ""empty"", ""x"": 38, ""y"": 12}, {""ground_truth_class_index"": 4, ""ground_truth_class_name"": ""forest"", ""kl"": 1.096750907271269, ""predicted_class_index"": 0, ""predicted_class_name"": ""empty"", ""x"": 32, ""y"": 37}, {""ground_truth_class_index"": 4, ""ground_truth_class_name"": ""forest"", ""kl"": 1.022272661135181, ""predicted_class_index"": 0, ""predicted_class_name"": ""empty"", ""x"": 30, ""y"": 38}, {""ground_truth_class_index"": 4, ""ground_truth_class_name"": ""forest"", ""kl"": 0.9173804136787975, ""predicted_class_index"": 0, ""predicted_class_name"": ""empty"", ""x"": 37, ""y"": 12}, {""ground_truth_class_index"": 4, ""ground_truth_class_name"": ""forest"", ""kl"": 0.8986966134454684, ""predicted_class_index"": 4, ""predicted_class_name"": ""forest"", ""x"": 38, ""y"": 36}, {""ground_truth_class_index"": 4, ""ground_truth_class_name"": ""forest"", ""kl"": 0.6492409034669655, ""predicted_class_index"": 4, ""predicted_class_name"": ""forest"", ""x"": 36, ""y"": 12}]",,
8e839974-b13b-407b-a5e7-fc749d877195,4,1,online_interactive,hazard_posterior_v11__policy=regime_probe__samples=1__k=5__rank=3__ridge=32__mix=70__obs=8__t=150,2,0,0,regime_probe_v1,1,50,0,50,90.48107477597188,0.03334315854936031,0.5928891786676993,0.513574097163743,0.9975,"[0.6597999587243091, 0.12071550814913827, 0.009790074569863121, 0.00991417224798965, 0.1812848689507458, 0.0184954173579545]","[0.6734062500000014, 0.08969374999999963, 0.004843749999999997, 0.009343750000000029, 0.20458749999999992, 0.018125]","[-0.01360629127569235, 0.031021758149138642, 0.004946324569863124, 0.0005704222479896211, -0.02330263104925412, 0.00037041735795450073]",,,,,,,,,"[{""ground_truth_class_index"": 4, ""ground_truth_class_name"": ""forest"", ""kl"": 1.65069703271152, ""predicted_class_index"": 0, ""predicted_class_name"": ""empty"", ""x"": 1, ""y"": 37}, {""ground_truth_class_index"": 4, ""ground_truth_class_name"": ""forest"", ""kl"": 1.3570109676033157, ""predicted_class_index"": 0, ""predicted_class_name"": ""empty"", ""x"": 2, ""y"": 37}, {""ground_truth_class_index"": 4, ""ground_truth_class_name"": ""forest"", ""kl"": 1.0518450227643381, ""predicted_class_index"": 0, ""predicted_class_name"": ""empty"", ""x"": 2, ""y"": 36}, {""ground_truth_class_index"": 4, ""ground_truth_class_name"": ""forest"", ""kl"": 0.9448075402032102, ""predicted_class_index"": 0, ""predicted_class_name"": ""empty"", ""x"": 2, ""y"": 24}, {""ground_truth_class_index"": 4, ""ground_truth_class_name"": ""forest"", ""kl"": 0.7918881124054543, ""predicted_class_index"": 4, ""predicted_class_name"": ""forest"", ""x"": 2, ""y"": 35}, {""ground_truth_class_index"": 4, ""ground_truth_class_name"": ""forest"", ""kl"": 0.7716418385417941, ""predicted_class_index"": 4, ""predicted_class_name"": ""forest"", ""x"": 1, ""y"": 34}, {""ground_truth_class_index"": 4, ""ground_truth_class_name"": ""forest"", ""kl"": 0.5479215594333418, ""predicted_class_index"": 4, ""predicted_class_name"": ""forest"", ""x"": 1, ""y"": 33}, {""ground_truth_class_index"": 4, ""ground_truth_class_name"": ""forest"", ""kl"": 0.5221557985289705, ""predicted_class_index"": 4, ""predicted_class_name"": ""forest"", ""x"": 1, ""y"": 12}, {""ground_truth_class_index"": 4, ""ground_truth_class_name"": ""forest"", ""kl"": 0.5206882836832405, ""predicted_class_index"": 4, ""predicted_class_name"": ""forest"", ""x"": 2, ""y"": 22}, {""ground_truth_class_index"": 4, ""ground_truth_class_name"": ""forest"", ""kl"": 0.506158102717305, ""predicted_class_index"": 4, ""predicted_class_name"": ""forest"", ""x"": 1, ""y"": 3}]",,
8e839974-b13b-407b-a5e7-fc749d877195,4,2,online_interactive,hazard_posterior_v11__policy=regime_probe__samples=1__k=5__rank=3__ridge=32__mix=70__obs=8__t=150,2,0,0,regime_probe_v1,1,50,0,50,88.18129003665047,0.04192512552735563,0.5049727523863168,0.432343771439782,0.99,"[0.6965567055465585, 0.09557661045023837, 0.010271266809690054, 0.007155308343888578, 0.1594547850418825, 0.0309853238077416]","[0.687456250000001, 0.07490937500000003, 0.005768749999999998, 0.00753124999999999, 0.19370937499999952, 0.030625]","[0.009100455546557473, 0.02066723545023834, 0.004502516809690056, -0.000375941656111412, -0.034254589958117004, 0.00036032380774160197]",,,,,,,,,"[{""ground_truth_class_index"": 4, ""ground_truth_class_name"": ""forest"", ""kl"": 2.3911909267632825, ""predicted_class_index"": 0, ""predicted_class_name"": ""empty"", ""x"": 2, ""y"": 5}, {""ground_truth_class_index"": 4, ""ground_truth_class_name"": ""forest"", ""kl"": 1.9264890154112488, ""predicted_class_index"": 0, ""predicted_class_name"": ""empty"", ""x"": 38, ""y"": 37}, {""ground_truth_class_index"": 4, ""ground_truth_class_name"": ""forest"", ""kl"": 1.803989297056511, ""predicted_class_index"": 0, ""predicted_class_name"": ""empty"", ""x"": 11, ""y"": 1}, {""ground_truth_class_index"": 4, ""ground_truth_class_name"": ""forest"", ""kl"": 1.4381765200155858, ""predicted_class_index"": 0, ""predicted_class_name"": ""empty"", ""x"": 2, ""y"": 1}, {""ground_truth_class_index"": 4, ""ground_truth_class_name"": ""forest"", ""kl"": 1.342095565283688, ""predicted_class_index"": 0, ""predicted_class_name"": ""empty"", ""x"": 11, ""y"": 2}, {""ground_truth_class_index"": 4, ""ground_truth_class_name"": ""forest"", ""kl"": 1.3133364377429082, ""predicted_class_index"": 0, ""predicted_class_name"": ""empty"", ""x"": 1, ""y"": 2}, {""ground_truth_class_index"": 4, ""ground_truth_class_name"": ""forest"", ""kl"": 1.2366362788100178, ""predicted_class_index"": 0, ""predicted_class_name"": ""empty"", ""x"": 2, ""y"": 19}, {""ground_truth_class_index"": 4, ""ground_truth_class_name"": ""forest"", ""kl"": 1.0548035541297278, ""predicted_class_index"": 0, ""predicted_class_name"": ""empty"", ""x"": 25, ""y"": 28}, {""ground_truth_class_index"": 4, ""ground_truth_class_name"": ""forest"", ""kl"": 1.0188764669364774, ""predicted_class_index"": 0, ""predicted_class_name"": ""empty"", ""x"": 2, ""y"": 18}, {""ground_truth_class_index"": 4, ""ground_truth_class_name"": ""forest"", ""kl"": 0.9729934274106935, ""predicted_class_index"": 0, ""predicted_class_name"": ""empty"", ""x"": 36, ""y"": 37}]",,
8e839974-b13b-407b-a5e7-fc749d877195,4,3,online_interactive,hazard_posterior_v11__policy=regime_probe__samples=1__k=5__rank=3__ridge=32__mix=70__obs=8__t=150,2,0,0,regime_probe_v1,1,50,0,50,88.57221810892432,0.040450647636993874,0.5138595979327133,0.4249757650273672,0.9925,"[0.6891171652005366, 0.09803724197202777, 0.010145669816759028, 0.007290114156200674, 0.1650501266454102, 0.030359682209064095]","[0.685390625000001, 0.07398437500000016, 0.00601875, 0.007540625000000002, 0.19706562499999958, 0.03]","[0.003726540200535533, 0.024052866972027617, 0.004126919816759028, -0.00025051084379932795, -0.03201549835458939, 0.00035968220906409595]",,,,,,,,,"[{""ground_truth_class_index"": 4, ""ground_truth_class_name"": ""forest"", ""kl"": 1.6225235959059618, ""predicted_class_index"": 0, ""predicted_class_name"": ""empty"", ""x"": 4, ""y"": 37}, {""ground_truth_class_index"": 4, ""ground_truth_class_name"": ""forest"", ""kl"": 1.5942043192094992, ""predicted_class_index"": 0, ""predicted_class_name"": ""empty"", ""x"": 5, ""y"": 38}, {""ground_truth_class_index"": 4, ""ground_truth_class_name"": ""forest"", ""kl"": 1.0437706655985188, ""predicted_class_index"": 0, ""predicted_class_name"": ""empty"", ""x"": 16, ""y"": 38}, {""ground_truth_class_index"": 4, ""ground_truth_class_name"": ""forest"", ""kl"": 0.9675974623677811, ""predicted_class_index"": 0, ""predicted_class_name"": ""empty"", ""x"": 38, ""y"": 17}, {""ground_truth_class_index"": 4, ""ground_truth_class_name"": ""forest"", ""kl"": 0.9452795308743764, ""predicted_class_index"": 0, ""predicted_class_name"": ""empty"", ""x"": 10, ""y"": 5}, {""ground_truth_class_index"": 4, ""ground_truth_class_name"": ""forest"", ""kl"": 0.9020955322755806, ""predicted_class_index"": 0, ""predicted_class_name"": ""empty"", ""x"": 38, ""y"": 1}, {""ground_truth_class_index"": 4, ""ground_truth_class_name"": ""forest"", ""kl"": 0.8843947389399305, ""predicted_class_index"": 0, ""predicted_class_name"": ""empty"", ""x"": 27, ""y"": 12}, {""ground_truth_class_index"": 4, ""ground_truth_class_name"": ""forest"", ""kl"": 0.8760999040764179, ""predicted_class_index"": 0, ""predicted_class_name"": ""empty"", ""x"": 36, ""y"": 20}, {""ground_truth_class_index"": 4, ""ground_truth_class_name"": ""forest"", ""kl"": 0.8377085831483996, ""predicted_class_index"": 0, ""predicted_class_name"": ""empty"", ""x"": 30, ""y"": 14}, {""ground_truth_class_index"": 4, ""ground_truth_class_name"": ""forest"", ""kl"": 0.7697001021859275, ""predicted_class_index"": 0, ""predicted_class_name"": ""empty"", ""x"": 31, ""y"": 15}]",,
8e839974-b13b-407b-a5e7-fc749d877195,4,4,online_interactive,hazard_posterior_v11__policy=regime_probe__samples=1__k=5__rank=3__ridge=32__mix=70__obs=8__t=150,2,0,0,regime_probe_v1,1,50,0,50,89.39316972424494,0.03737530267404993,0.583819467588186,0.5040508834761092,0.994375,"[0.6650186989986925, 0.11885553279041206, 0.009692618929116667, 0.008910440924556765, 0.18401668092590803, 0.013506027431313145]","[0.6703656250000016, 0.08683124999999986, 0.005584374999999996, 0.008965625000000055, 0.21512812499999978, 0.013125]","[-0.005346926001309149, 0.032024282790412195, 0.004108243929116672, -5.518407544329029e-05, -0.03111144407409175, 0.0003810274313131457]",,,,,,,,,"[{""ground_truth_class_index"": 4, ""ground_truth_class_name"": ""forest"", ""kl"": 2.4388575070605927, ""predicted_class_index"": 0, ""predicted_class_name"": ""empty"", ""x"": 38, ""y"": 17}, {""ground_truth_class_index"": 4, ""ground_truth_class_name"": ""forest"", ""kl"": 1.4300852508872455, ""predicted_class_index"": 0, ""predicted_class_name"": ""empty"", ""x"": 5, ""y"": 38}, {""ground_truth_class_index"": 4, ""ground_truth_class_name"": ""forest"", ""kl"": 1.4117607272426147, ""predicted_class_index"": 0, ""predicted_class_name"": ""empty"", ""x"": 6, ""y"": 38}, {""ground_truth_class_index"": 4, ""ground_truth_class_name"": ""forest"", ""kl"": 1.0780605118321402, ""predicted_class_index"": 0, ""predicted_class_name"": ""empty"", ""x"": 7, ""y"": 38}, {""ground_truth_class_index"": 4, ""ground_truth_class_name"": ""forest"", ""kl"": 0.9426343501251262, ""predicted_class_index"": 0, ""predicted_class_name"": ""empty"", ""x"": 6, ""y"": 37}, {""ground_truth_class_index"": 4, ""ground_truth_class_name"": ""forest"", ""kl"": 0.8938325673596734, ""predicted_class_index"": 0, ""predicted_class_name"": ""empty"", ""x"": 4, ""y"": 38}, {""ground_truth_class_index"": 4, ""ground_truth_class_name"": ""forest"", ""kl"": 0.8896734474352246, ""predicted_class_index"": 0, ""predicted_class_name"": ""empty"", ""x"": 37, ""y"": 19}, {""ground_truth_class_index"": 4, ""ground_truth_class_name"": ""forest"", ""kl"": 0.7382171936628887, ""predicted_class_index"": 0, ""predicted_class_name"": ""empty"", ""x"": 35, ""y"": 17}, {""ground_truth_class_index"": 4, ""ground_truth_class_name"": ""forest"", ""kl"": 0.6767885687749762, ""predicted_class_index"": 4, ""predicted_class_name"": ""forest"", ""x"": 9, ""y"": 38}, {""ground_truth_class_index"": 4, ""ground_truth_class_name"": ""forest"", ""kl"": 0.6049609225659107, ""predicted_class_index"": 4, ""predicted_class_name"": ""forest"", ""x"": 36, ""y"": 19}]",,
8e839974-b13b-407b-a5e7-fc749d877195,4,0,online_interactive,hazard_posterior_v11__policy=regime_probe__samples=1__k=5__rank=3__ridge=32__mix=70__obs=8__t=150,2,0,0,regime_probe_v1,1,50,1,50,89.36480577894599,0.03748108423132832,0.5732264709986348,0.45210741165846485,0.995,"[0.6572415055908576, 0.11253839773058875, 0.011666430641142277, 0.009347093621047943, 0.189461737119438, 0.0197448352969246]","[0.6722437500000013, 0.07697500000000007, 0.006021875000000002, 0.007090625000000009, 0.21829374999999962, 0.019375]","[-0.015002244409143661, 0.03556339773058868, 0.005644555641142275, 0.0022564686210479338, -0.028832012880561614, 0.0003698352969245984]",,,,,,,,,"[{""ground_truth_class_index"": 4, ""ground_truth_class_name"": ""forest"", ""kl"": 3.129240735244612, ""predicted_class_index"": 0, ""predicted_class_name"": ""empty"", ""x"": 35, ""y"": 38}, {""ground_truth_class_index"": 4, ""ground_truth_class_name"": ""forest"", ""kl"": 2.5265094950335607, ""predicted_class_index"": 0, ""predicted_class_name"": ""empty"", ""x"": 36, ""y"": 38}, {""ground_truth_class_index"": 4, ""ground_truth_class_name"": ""forest"", ""kl"": 1.9679605452513893, ""predicted_class_index"": 0, ""predicted_class_name"": ""empty"", ""x"": 37, ""y"": 38}, {""ground_truth_class_index"": 4, ""ground_truth_class_name"": ""forest"", ""kl"": 1.7195681129378833, ""predicted_class_index"": 0, ""predicted_class_name"": ""empty"", ""x"": 32, ""y"": 38}, {""ground_truth_class_index"": 4, ""ground_truth_class_name"": ""forest"", ""kl"": 1.2424153345947362, ""predicted_class_index"": 0, ""predicted_class_name"": ""empty"", ""x"": 38, ""y"": 12}, {""ground_truth_class_index"": 4, ""ground_truth_class_name"": ""forest"", ""kl"": 1.096060570863044, ""predicted_class_index"": 0, ""predicted_class_name"": ""empty"", ""x"": 32, ""y"": 37}, {""ground_truth_class_index"": 4, ""ground_truth_class_name"": ""forest"", ""kl"": 1.0219676319541446, ""predicted_class_index"": 0, ""predicted_class_name"": ""empty"", ""x"": 30, ""y"": 38}, {""ground_truth_class_index"": 4, ""ground_truth_class_name"": ""forest"", ""kl"": 0.9169461300402286, ""predicted_class_index"": 0, ""predicted_class_name"": ""empty"", ""x"": 37, ""y"": 12}, {""ground_truth_class_index"": 4, ""ground_truth_class_name"": ""forest"", ""kl"": 0.8986683147473647, ""predicted_class_index"": 4, ""predicted_class_name"": ""forest"", ""x"": 38, ""y"": 36}, {""ground_truth_class_index"": 4, ""ground_truth_class_name"": ""forest"", ""kl"": 0.6491078900208609, ""predicted_class_index"": 4, ""predicted_class_name"": ""forest"", ""x"": 36, ""y"": 12}]",,
8e839974-b13b-407b-a5e7-fc749d877195,4,1,online_interactive,hazard_posterior_v11__policy=regime_probe__samples=1__k=5__rank=3__ridge=32__mix=70__obs=8__t=150,2,0,0,regime_probe_v1,1,50,1,50,90.38589643545471,0.0336939812144581,0.5941243559391682,0.513574097163743,0.9975,"[0.6600163425864132, 0.12089375234530676, 0.009904640769322466, 0.010180322696921753, 0.18050919402773163, 0.01849574757430505]","[0.6734062500000014, 0.08969374999999963, 0.004843749999999997, 0.009343750000000029, 0.20458749999999992, 0.018125]","[-0.013389907413588253, 0.031200002345307135, 0.005060890769322469, 0.0008365726969217242, -0.024078305972268288, 0.00037074757430505256]",,,,,,,,,"[{""ground_truth_class_index"": 4, ""ground_truth_class_name"": ""forest"", ""kl"": 1.6498094112885668, ""predicted_class_index"": 0, ""predicted_class_name"": ""empty"", ""x"": 1, ""y"": 37}, {""ground_truth_class_index"": 4, ""ground_truth_class_name"": ""forest"", ""kl"": 1.3558931013997568, ""predicted_class_index"": 0, ""predicted_class_name"": ""empty"", ""x"": 2, ""y"": 37}, {""ground_truth_class_index"": 4, ""ground_truth_class_name"": ""forest"", ""kl"": 1.0512563612970682, ""predicted_class_index"": 0, ""predicted_class_name"": ""empty"", ""x"": 2, ""y"": 36}, {""ground_truth_class_index"": 4, ""ground_truth_class_name"": ""forest"", ""kl"": 0.944249248718799, ""predicted_class_index"": 0, ""predicted_class_name"": ""empty"", ""x"": 2, ""y"": 24}, {""ground_truth_class_index"": 4, ""ground_truth_class_name"": ""forest"", ""kl"": 0.7916430426101798, ""predicted_class_index"": 4, ""predicted_class_name"": ""forest"", ""x"": 2, ""y"": 35}, {""ground_truth_class_index"": 4, ""ground_truth_class_name"": ""forest"", ""kl"": 0.7716967655378119, ""predicted_class_index"": 4, ""predicted_class_name"": ""forest"", ""x"": 1, ""y"": 34}, {""ground_truth_class_index"": 4, ""ground_truth_class_name"": ""forest"", ""kl"": 0.5480818343969045, ""predicted_class_index"": 4, ""predicted_class_name"": ""forest"", ""x"": 1, ""y"": 33}, {""ground_truth_class_index"": 4, ""ground_truth_class_name"": ""forest"", ""kl"": 0.5223419088261975, ""predicted_class_index"": 4, ""predicted_class_name"": ""forest"", ""x"": 1, ""y"": 12}, {""ground_truth_class_index"": 4, ""ground_truth_class_name"": ""forest"", ""kl"": 0.5206779099279792, ""predicted_class_index"": 4, ""predicted_class_name"": ""forest"", ""x"": 2, ""y"": 22}, {""ground_truth_class_index"": 4, ""ground_truth_class_name"": ""forest"", ""kl"": 0.5063848013281248, ""predicted_class_index"": 4, ""predicted_class_name"": ""forest"", ""x"": 1, ""y"": 3}]",,
8e839974-b13b-407b-a5e7-fc749d877195,4,2,online_interactive,hazard_posterior_v11__policy=regime_probe__samples=1__k=5__rank=3__ridge=32__mix=70__obs=8__t=150,2,0,0,regime_probe_v1,1,50,1,50,87.98315686097392,0.04267492971206145,0.5103544847285514,0.432343771439782,0.98875,"[0.6956848129084635, 0.09704540273792257, 0.010557124555906149, 0.007005243407631561, 0.15872619981337696, 0.0309812165766991]","[0.687456250000001, 0.07490937500000003, 0.005768749999999998, 0.00753124999999999, 0.19370937499999952, 0.030625]","[0.008228562908462522, 0.022136027737922545, 0.004788374555906151, -0.0005260065923684294, -0.034983175186622556, 0.00035621657669910115]",,,,,,,,,"[{""ground_truth_class_index"": 4, ""ground_truth_class_name"": ""forest"", ""kl"": 2.387521557568737, ""predicted_class_index"": 0, ""predicted_class_name"": ""empty"", ""x"": 2, ""y"": 5}, {""ground_truth_class_index"": 4, ""ground_truth_class_name"": ""forest"", ""kl"": 1.9253055649761321, ""predicted_class_index"": 0, ""predicted_class_name"": ""empty"", ""x"": 38, ""y"": 37}, {""ground_truth_class_index"": 4, ""ground_truth_class_name"": ""forest"", ""kl"": 1.802786210822949, ""predicted_class_index"": 0, ""predicted_class_name"": ""empty"", ""x"": 11, ""y"": 1}, {""ground_truth_class_index"": 4, ""ground_truth_class_name"": ""forest"", ""kl"": 1.43757295672211, ""predicted_class_index"": 0, ""predicted_class_name"": ""empty"", ""x"": 2, ""y"": 1}, {""ground_truth_class_index"": 4, ""ground_truth_class_name"": ""forest"", ""kl"": 1.3970490389216603, ""predicted_class_index"": 0, ""predicted_class_name"": ""empty"", ""x"": 2, ""y"": 19}, {""ground_truth_class_index"": 4, ""ground_truth_class_name"": ""forest"", ""kl"": 1.340805376965037, ""predicted_class_index"": 0, ""predicted_class_name"": ""empty"", ""x"": 11, ""y"": 2}, {""ground_truth_class_index"": 4, ""ground_truth_class_name"": ""forest"", ""kl"": 1.3127561957316896, ""predicted_class_index"": 0, ""predicted_class_name"": ""empty"", ""x"": 1, ""y"": 2}, {""ground_truth_class_index"": 4, ""ground_truth_class_name"": ""forest"", ""kl"": 1.1272496951688025, ""predicted_class_index"": 0, ""predicted_class_name"": ""empty"", ""x"": 2, ""y"": 18}, {""ground_truth_class_index"": 4, ""ground_truth_class_name"": ""forest"", ""kl"": 0.9724080717031266, ""predicted_class_index"": 0, ""predicted_class_name"": ""empty"", ""x"": 36, ""y"": 37}, {""ground_truth_class_index"": 4, ""ground_truth_class_name"": ""forest"", ""kl"": 0.9625499790915253, ""predicted_class_index"": 0, ""predicted_class_name"": ""empty"", ""x"": 35, ""y"": 38}]",,
8e839974-b13b-407b-a5e7-fc749d877195,4,3,online_interactive,hazard_posterior_v11__policy=regime_probe__samples=1__k=5__rank=3__ridge=32__mix=70__obs=8__t=150,2,0,0,regime_probe_v1,1,50,1,50,88.58720822958702,0.04039423848053221,0.5110789914658038,0.4249757650273672,0.9925,"[0.690581587567953, 0.09693540036589329, 0.010087717833632454, 0.007504317892150325, 0.16453129739335295, 0.030359678947015904]","[0.685390625000001, 0.07398437500000016, 0.00601875, 0.007540625000000002, 0.19706562499999958, 0.03]","[0.005190962567951929, 0.022951025365893135, 0.0040689678336324545, -3.6307107849677285e-05, -0.032534327606646624, 0.00035967894701590536]",,,,,,,,,"[{""ground_truth_class_index"": 4, ""ground_truth_class_name"": ""forest"", ""kl"": 1.6217037767189477, ""predicted_class_index"": 0, ""predicted_class_name"": ""empty"", ""x"": 4, ""y"": 37}, {""ground_truth_class_index"": 4, ""ground_truth_class_name"": ""forest"", ""kl"": 1.5933996107437811, ""predicted_class_index"": 0, ""predicted_class_name"": ""empty"", ""x"": 5, ""y"": 38}, {""ground_truth_class_index"": 4, ""ground_truth_class_name"": ""forest"", ""kl"": 1.2659607609069732, ""predicted_class_index"": 0, ""predicted_class_name"": ""empty"", ""x"": 16, ""y"": 38}, {""ground_truth_class_index"": 4, ""ground_truth_class_name"": ""forest"", ""kl"": 0.9674635140042194, ""predicted_class_index"": 0, ""predicted_class_name"": ""empty"", ""x"": 38, ""y"": 17}, {""ground_truth_class_index"": 4, ""ground_truth_class_name"": ""forest"", ""kl"": 0.9446883096467285, ""predicted_class_index"": 0, ""predicted_class_name"": ""empty"", ""x"": 10, ""y"": 5}, {""ground_truth_class_index"": 4, ""ground_truth_class_name"": ""forest"", ""kl"": 0.9019511973598233, ""predicted_class_index"": 0, ""predicted_class_name"": ""empty"", ""x"": 38, ""y"": 1}, {""ground_truth_class_index"": 4, ""ground_truth_class_name"": ""forest"", ""kl"": 0.8838383647712836, ""predicted_class_index"": 0, ""predicted_class_name"": ""empty"", ""x"": 27, ""y"": 12}, {""ground_truth_class_index"": 4, ""ground_truth_class_name"": ""forest"", ""kl"": 0.8755486932669274, ""predicted_class_index"": 0, ""predicted_class_name"": ""empty"", ""x"": 36, ""y"": 20}, {""ground_truth_class_index"": 4, ""ground_truth_class_name"": ""forest"", ""kl"": 0.8375360833684754, ""predicted_class_index"": 0, ""predicted_class_name"": ""empty"", ""x"": 30, ""y"": 14}, {""ground_truth_class_index"": 4, ""ground_truth_class_name"": ""forest"", ""kl"": 0.7691453340764989, ""predicted_class_index"": 0, ""predicted_class_name"": ""empty"", ""x"": 31, ""y"": 15}]",,
8e839974-b13b-407b-a5e7-fc749d877195,4,4,online_interactive,hazard_posterior_v11__policy=regime_probe__samples=1__k=5__rank=3__ridge=32__mix=70__obs=8__t=150,2,0,0,regime_probe_v1,1,50,1,50,89.46791927570541,0.037096689603499884,0.5833773458152998,0.5040508834761092,0.995,"[0.6655360456129634, 0.11765519623674808, 0.009869690908582737, 0.008915618989106432, 0.1845174103980571, 0.013506037854541422]","[0.6703656250000016, 0.08683124999999986, 0.005584374999999996, 0.008965625000000055, 0.21512812499999978, 0.013125]","[-0.0048295793870382075, 0.030823946236748223, 0.004285315908582742, -5.000601089362282e-05, -0.030610714601942673, 0.00038103785454142274]",,,,,,,,,"[{""ground_truth_class_index"": 4, ""ground_truth_class_name"": ""forest"", ""kl"": 2.4368113900771147, ""predicted_class_index"": 0, ""predicted_class_name"": ""empty"", ""x"": 38, ""y"": 17}, {""ground_truth_class_index"": 4, ""ground_truth_class_name"": ""forest"", ""kl"": 1.4294891036771444, ""predicted_class_index"": 0, ""predicted_class_name"": ""empty"", ""x"": 5, ""y"": 38}, {""ground_truth_class_index"": 4, ""ground_truth_class_name"": ""forest"", ""kl"": 1.4111551585469528, ""predicted_class_index"": 0, ""predicted_class_name"": ""empty"", ""x"": 6, ""y"": 38}, {""ground_truth_class_index"": 4, ""ground_truth_class_name"": ""forest"", ""kl"": 1.0778879888705235, ""predicted_class_index"": 0, ""predicted_class_name"": ""empty"", ""x"": 7, ""y"": 38}, {""ground_truth_class_index"": 4, ""ground_truth_class_name"": ""forest"", ""kl"": 0.9420396484188209, ""predicted_class_index"": 0, ""predicted_class_name"": ""empty"", ""x"": 6, ""y"": 37}, {""ground_truth_class_index"": 4, ""ground_truth_class_name"": ""forest"", ""kl"": 0.893677170142383, ""predicted_class_index"": 0, ""predicted_class_name"": ""empty"", ""x"": 4, ""y"": 38}, {""ground_truth_class_index"": 4, ""ground_truth_class_name"": ""forest"", ""kl"": 0.8890743023787285, ""predicted_class_index"": 0, ""predicted_class_name"": ""empty"", ""x"": 37, ""y"": 19}, {""ground_truth_class_index"": 4, ""ground_truth_class_name"": ""forest"", ""kl"": 0.7380625314477254, ""predicted_class_index"": 0, ""predicted_class_name"": ""empty"", ""x"": 35, ""y"": 17}, {""ground_truth_class_index"": 4, ""ground_truth_class_name"": ""forest"", ""kl"": 0.6768596433036078, ""predicted_class_index"": 4, ""predicted_class_name"": ""forest"", ""x"": 9, ""y"": 38}, {""ground_truth_class_index"": 4, ""ground_truth_class_name"": ""forest"", ""kl"": 0.6047688029913099, ""predicted_class_index"": 4, ""predicted_class_name"": ""forest"", ""x"": 36, ""y"": 19}]",,
fd3c92ff-3178-4dc9-8d9b-acf389b3982b,5,0,online_interactive,hazard_posterior_v11__policy=regime_probe__samples=1__k=5__rank=3__ridge=32__mix=70__obs=8__t=150,2,0,0,regime_probe_v1,1,50,0,50,77.34087631504694,0.08564918972994179,0.5593745815210689,0.4939309593677595,0.975,"[0.680927385385723, 0.10607914589824506, 0.006772032600103791, 0.00758981297149709, 0.1820082377307301, 0.01662338541370183]","[0.6675906250000003, 0.11830937499999981, 0.00748125, 0.01130312500000001, 0.1790656249999995, 0.01625]","[0.013336760385722624, -0.012230229101754753, -0.0007092173998962089, -0.0037133120285029195, 0.0029426127307305983, 0.0003733854137018301]",,,,,,,,,"[{""ground_truth_class_index"": 4, ""ground_truth_class_name"": ""forest"", ""kl"": 0.8910237827207176, ""predicted_class_index"": 0, ""predicted_class_name"": ""empty"", ""x"": 38, ""y"": 1}, {""ground_truth_class_index"": 4, ""ground_truth_class_name"": ""forest"", ""kl"": 0.7071498570634306, ""predicted_class_index"": 4, ""predicted_class_name"": ""forest"", ""x"": 31, ""y"": 1}, {""ground_truth_class_index"": 4, ""ground_truth_class_name"": ""forest"", ""kl"": 0.5613335448259796, ""predicted_class_index"": 4, ""predicted_class_name"": ""forest"", ""x"": 32, ""y"": 1}, {""ground_truth_class_index"": 4, ""ground_truth_class_name"": ""forest"", ""kl"": 0.5599270761722815, ""predicted_class_index"": 4, ""predicted_class_name"": ""forest"", ""x"": 36, ""y"": 2}, {""ground_truth_class_index"": 1, ""ground_truth_class_name"": ""settlement"", ""kl"": 0.5401599482481484, ""predicted_class_index"": 4, ""predicted_class_name"": ""forest"", ""x"": 3, ""y"": 17}, {""ground_truth_class_index"": 1, ""ground_truth_class_name"": ""settlement"", ""kl"": 0.5360182206713349, ""predicted_class_index"": 4, ""predicted_class_name"": ""forest"", ""x"": 33, ""y"": 8}, {""ground_truth_class_index"": 4, ""ground_truth_class_name"": ""forest"", ""kl"": 0.46461339836638527, ""predicted_class_index"": 4, ""predicted_class_name"": ""forest"", ""x"": 35, ""y"": 1}, {""ground_truth_class_index"": 4, ""ground_truth_class_name"": ""forest"", ""kl"": 0.46131338866835864, ""predicted_class_index"": 4, ""predicted_class_name"": ""forest"", ""x"": 27, ""y"": 6}, {""ground_truth_class_index"": 4, ""ground_truth_class_name"": ""forest"", ""kl"": 0.45497355458624666, ""predicted_class_index"": 4, ""predicted_class_name"": ""forest"", ""x"": 28, ""y"": 5}, {""ground_truth_class_index"": 1, ""ground_truth_class_name"": ""settlement"", ""kl"": 0.44897423175365686, ""predicted_class_index"": 0, ""predicted_class_name"": ""empty"", ""x"": 24, ""y"": 2}]",,
fd3c92ff-3178-4dc9-8d9b-acf389b3982b,5,1,online_interactive,hazard_posterior_v11__policy=regime_probe__samples=1__k=5__rank=3__ridge=32__mix=70__obs=8__t=150,2,0,0,regime_probe_v1,1,50,0,50,72.60365878584366,0.10671828964265932,0.5338105132940271,0.43123275714827713,0.96875,"[0.6871442669694038, 0.09679228587149552, 0.00600937330170998, 0.006239835256034626, 0.18531258294870256, 0.01850165565265307]","[0.661812500000001, 0.1071593749999999, 0.007534375000000001, 0.009965625000000027, 0.19540312499999954, 0.018125]","[0.025331766969402758, -0.010367089128504384, -0.001525001698290021, -0.0037257897439654008, -0.010090542051296975, 0.0003766556526530705]",,,,,,,,,"[{""ground_truth_class_index"": 4, ""ground_truth_class_name"": ""forest"", ""kl"": 0.8459698869868749, ""predicted_class_index"": 4, ""predicted_class_name"": ""forest"", ""x"": 14, ""y"": 30}, {""ground_truth_class_index"": 4, ""ground_truth_class_name"": ""forest"", ""kl"": 0.8400592553385746, ""predicted_class_index"": 4, ""predicted_class_name"": ""forest"", ""x"": 16, ""y"": 32}, {""ground_truth_class_index"": 4, ""ground_truth_class_name"": ""forest"", ""kl"": 0.8224115406524934, ""predicted_class_index"": 4, ""predicted_class_name"": ""forest"", ""x"": 17, ""y"": 31}, {""ground_truth_class_index"": 4, ""ground_truth_class_name"": ""forest"", ""kl"": 0.7631823945671787, ""predicted_class_index"": 4, ""predicted_class_name"": ""forest"", ""x"": 14, ""y"": 38}, {""ground_truth_class_index"": 4, ""ground_truth_class_name"": ""forest"", ""kl"": 0.7611139395080195, ""predicted_class_index"": 4, ""predicted_class_name"": ""forest"", ""x"": 38, ""y"": 21}, {""ground_truth_class_index"": 4, ""ground_truth_class_name"": ""forest"", ""kl"": 0.7514262838449203, ""predicted_class_index"": 4, ""predicted_class_name"": ""forest"", ""x"": 30, ""y"": 21}, {""ground_truth_class_index"": 1, ""ground_truth_class_name"": ""settlement"", ""kl"": 0.7120561396691628, ""predicted_class_index"": 0, ""predicted_class_name"": ""empty"", ""x"": 22, ""y"": 3}, {""ground_truth_class_index"": 4, ""ground_truth_class_name"": ""forest"", ""kl"": 0.6879396768001889, ""predicted_class_index"": 4, ""predicted_class_name"": ""forest"", ""x"": 14, ""y"": 31}, {""ground_truth_class_index"": 4, ""ground_truth_class_name"": ""forest"", ""kl"": 0.684257949102041, ""predicted_class_index"": 4, ""predicted_class_name"": ""forest"", ""x"": 13, ""y"": 30}, {""ground_truth_class_index"": 4, ""ground_truth_class_name"": ""forest"", ""kl"": 0.6820433912656525, ""predicted_class_index"": 4, ""predicted_class_name"": ""forest"", ""x"": 5, ""y"": 28}]",,
fd3c92ff-3178-4dc9-8d9b-acf389b3982b,5,2,online_interactive,hazard_posterior_v11__policy=regime_probe__samples=1__k=5__rank=3__ridge=32__mix=70__obs=8__t=150,2,0,0,regime_probe_v1,1,50,0,50,79.7594119503505,0.07538514436684084,0.5766869416970593,0.5153972522020946,0.980625,"[0.6555355897197812, 0.10633307557825844, 0.009160162981703383, 0.0086065939854574, 0.20124182946784877, 0.019122748266950016]","[0.6434968749999997, 0.11920000000000001, 0.008115625000000005, 0.011940625000000031, 0.19849687499999916, 0.01875]","[0.012038714719781463, -0.012866924421741574, 0.0010445379817033782, -0.0033340310145426304, 0.002744954467849614, 0.0003727482669500168]",,,,,,,,,"[{""ground_truth_class_index"": 4, ""ground_truth_class_name"": ""forest"", ""kl"": 0.5692134177940623, ""predicted_class_index"": 4, ""predicted_class_name"": ""forest"", ""x"": 37, ""y"": 25}, {""ground_truth_class_index"": 1, ""ground_truth_class_name"": ""settlement"", ""kl"": 0.493562353419949, ""predicted_class_index"": 4, ""predicted_class_name"": ""forest"", ""x"": 18, ""y"": 18}, {""ground_truth_class_index"": 4, ""ground_truth_class_name"": ""forest"", ""kl"": 0.49253014890502433, ""predicted_class_index"": 4, ""predicted_class_name"": ""forest"", ""x"": 38, ""y"": 27}, {""ground_truth_class_index"": 0, ""ground_truth_class_name"": ""empty"", ""kl"": 0.47444057326375244, ""predicted_class_index"": 0, ""predicted_class_name"": ""empty"", ""x"": 1, ""y"": 21}, {""ground_truth_class_index"": 1, ""ground_truth_class_name"": ""settlement"", ""kl"": 0.4397858872618854, ""predicted_class_index"": 4, ""predicted_class_name"": ""forest"", ""x"": 18, ""y"": 20}, {""ground_truth_class_index"": 1, ""ground_truth_class_name"": ""settlement"", ""kl"": 0.4345118411456346, ""predicted_class_index"": 4, ""predicted_class_name"": ""forest"", ""x"": 3, ""y"": 19}, {""ground_truth_class_index"": 4, ""ground_truth_class_name"": ""forest"", ""kl"": 0.4190040980097936, ""predicted_class_index"": 4, ""predicted_class_name"": ""forest"", ""x"": 37, ""y"": 28}, {""ground_truth_class_index"": 1, ""ground_truth_class_name"": ""settlement"", ""kl"": 0.3928410398370139, ""predicted_class_index"": 0, ""predicted_class_name"": ""empty"", ""x"": 10, ""y"": 2}, {""ground_truth_class_index"": 0, ""ground_truth_class_name"": ""empty"", ""kl"": 0.380394828055399, ""predicted_class_index"": 0, ""predicted_class_name"": ""empty"", ""x"": 1, ""y"": 20}, {""ground_truth_class_index"": 1, ""ground_truth_class_name"": ""settlement"", ""kl"": 0.37907256150464397, ""predicted_class_index"": 0, ""predicted_class_name"": ""empty"", ""x"": 2, ""y"": 19}]",,
fd3c92ff-3178-4dc9-8d9b-acf389b3982b,5,3,online_interactive,hazard_posterior_v11__policy=regime_probe__samples=1__k=5__rank=3__ridge=32__mix=70__obs=8__t=150,2,0,0,regime_probe_v1,1,50,0,50,79.57459386309796,0.07615843888610238,0.5285282382691721,0.4894973509652186,0.98875,"[0.6784712421596483, 0.09607416275953083, 0.007349160833838754, 0.0067182032100490605, 0.18477669718669393, 0.02661053385023923]","[0.6542906249999997, 0.10593437499999998, 0.008312499999999999, 0.012365624999999998, 0.19284687499999947, 0.02625]","[0.024180617159648587, -0.009860212240469152, -0.000963339166161245, -0.005647421789950938, -0.008070177813305546, 0.0003605338502392294]",,,,,,,,,"[{""ground_truth_class_index"": 4, ""ground_truth_class_name"": ""forest"", ""kl"": 0.8206167799555486, ""predicted_class_index"": 4, ""predicted_class_name"": ""forest"", ""x"": 23, ""y"": 2}, {""ground_truth_class_index"": 4, ""ground_truth_class_name"": ""forest"", ""kl"": 0.7419955419464399, ""predicted_class_index"": 4, ""predicted_class_name"": ""forest"", ""x"": 24, ""y"": 1}, {""ground_truth_class_index"": 4, ""ground_truth_class_name"": ""forest"", ""kl"": 0.6375049008628613, ""predicted_class_index"": 4, ""predicted_class_name"": ""forest"", ""x"": 19, ""y"": 2}, {""ground_truth_class_index"": 4, ""ground_truth_class_name"": ""forest"", ""kl"": 0.5521995342907187, ""predicted_class_index"": 4, ""predicted_class_name"": ""forest"", ""x"": 38, ""y"": 30}, {""ground_truth_class_index"": 4, ""ground_truth_class_name"": ""forest"", ""kl"": 0.5000782535136816, ""predicted_class_index"": 4, ""predicted_class_name"": ""forest"", ""x"": 27, ""y"": 37}, {""ground_truth_class_index"": 4, ""ground_truth_class_name"": ""forest"", ""kl"": 0.49623529530070354, ""predicted_class_index"": 4, ""predicted_class_name"": ""forest"", ""x"": 19, ""y"": 3}, {""ground_truth_class_index"": 4, ""ground_truth_class_name"": ""forest"", ""kl"": 0.49493594018496934, ""predicted_class_index"": 4, ""predicted_class_name"": ""forest"", ""x"": 23, ""y"": 4}, {""ground_truth_class_index"": 4, ""ground_truth_class_name"": ""forest"", ""kl"": 0.482815314995741, ""predicted_class_index"": 4, ""predicted_class_name"": ""forest"", ""x"": 23, ""y"": 38}, {""ground_truth_class_index"": 4, ""ground_truth_class_name"": ""forest"", ""kl"": 0.4165230730175219, ""predicted_class_index"": 4, ""predicted_class_name"": ""forest"", ""x"": 23, ""y"": 21}, {""ground_truth_class_index"": 1, ""ground_truth_class_name"": ""settlement"", ""kl"": 0.4119347613139588, ""predicted_class_index"": 0, ""predicted_class_name"": ""empty"", ""x"": 27, ""y"": 18}]",,
fd3c92ff-3178-4dc9-8d9b-acf389b3982b,5,4,online_interactive,hazard_posterior_v11__policy=regime_probe__samples=1__k=5__rank=3__ridge=32__mix=70__obs=8__t=150,2,0,0,regime_probe_v1,1,50,0,50,81.33679006641776,0.06885724981650716,0.5698005946164478,0.4788706260641596,0.99,"[0.6559245355962257, 0.10592722880530508, 0.008606294814342712, 0.007647478932939539, 0.1965435590119591, 0.025350902839227692]","[0.6524093749999996, 0.10528750000000013, 0.007043749999999998, 0.012190625000000024, 0.19806874999999963, 0.025]","[0.00351516059622603, 0.0006397288053049538, 0.0015625448143427138, -0.004543146067060485, -0.0015251909880405201, 0.00035090283922769097]",,,,,,,,,"[{""ground_truth_class_index"": 4, ""ground_truth_class_name"": ""forest"", ""kl"": 0.6991511186451851, ""predicted_class_index"": 4, ""predicted_class_name"": ""forest"", ""x"": 37, ""y"": 7}, {""ground_truth_class_index"": 4, ""ground_truth_class_name"": ""forest"", ""kl"": 0.4172679641100417, ""predicted_class_index"": 4, ""predicted_class_name"": ""forest"", ""x"": 1, ""y"": 9}, {""ground_truth_class_index"": 4, ""ground_truth_class_name"": ""forest"", ""kl"": 0.38643808182384404, ""predicted_class_index"": 4, ""predicted_class_name"": ""forest"", ""x"": 34, ""y"": 16}, {""ground_truth_class_index"": 4, ""ground_truth_class_name"": ""forest"", ""kl"": 0.3855006988843426, ""predicted_class_index"": 4, ""predicted_class_name"": ""forest"", ""x"": 1, ""y"": 10}, {""ground_truth_class_index"": 4, ""ground_truth_class_name"": ""forest"", ""kl"": 0.3734258890286283, ""predicted_class_index"": 4, ""predicted_class_name"": ""forest"", ""x"": 21, ""y"": 2}, {""ground_truth_class_index"": 4, ""ground_truth_class_name"": ""forest"", ""kl"": 0.3577726751603765, ""predicted_class_index"": 4, ""predicted_class_name"": ""forest"", ""x"": 37, ""y"": 13}, {""ground_truth_class_index"": 4, ""ground_truth_class_name"": ""forest"", ""kl"": 0.3542617516016697, ""predicted_class_index"": 4, ""predicted_class_name"": ""forest"", ""x"": 34, ""y"": 17}, {""ground_truth_class_index"": 4, ""ground_truth_class_name"": ""forest"", ""kl"": 0.35273813658822023, ""predicted_class_index"": 4, ""predicted_class_name"": ""forest"", ""x"": 34, ""y"": 15}, {""ground_truth_class_index"": 4, ""ground_truth_class_name"": ""forest"", ""kl"": 0.34861873039705216, ""predicted_class_index"": 4, ""predicted_class_name"": ""forest"", ""x"": 20, ""y"": 1}, {""ground_truth_class_index"": 4, ""ground_truth_class_name"": ""forest"", ""kl"": 0.34740207659937483, ""predicted_class_index"": 4, ""predicted_class_name"": ""forest"", ""x"": 33, ""y"": 29}]",,
fd3c92ff-3178-4dc9-8d9b-acf389b3982b,5,0,online_interactive,hazard_posterior_v11__policy=regime_probe__samples=1__k=5__rank=3__ridge=32__mix=70__obs=8__t=150,2,0,0,regime_probe_v1,1,50,1,50,80.00397159837898,0.07436463585558127,0.6106234740220414,0.4939309593677595,0.974375,"[0.6655541499126582, 0.12136400085168039, 0.008581779850600667, 0.009226390252263563, 0.17864795343740122, 0.01662572569539571]","[0.6675906250000003, 0.11830937499999981, 0.00748125, 0.01130312500000001, 0.1790656249999995, 0.01625]","[-0.002036475087342171, 0.0030546258516805785, 0.0011005298506006674, -0.002076734747736446, -0.00041767156259828186, 0.00037572569539571013]",,,,,,,,,"[{""ground_truth_class_index"": 4, ""ground_truth_class_name"": ""forest"", ""kl"": 0.9312867612814504, ""predicted_class_index"": 0, ""predicted_class_name"": ""empty"", ""x"": 38, ""y"": 1}, {""ground_truth_class_index"": 4, ""ground_truth_class_name"": ""forest"", ""kl"": 0.7622339183695247, ""predicted_class_index"": 4, ""predicted_class_name"": ""forest"", ""x"": 31, ""y"": 1}, {""ground_truth_class_index"": 4, ""ground_truth_class_name"": ""forest"", ""kl"": 0.6250836709122846, ""predicted_class_index"": 4, ""predicted_class_name"": ""forest"", ""x"": 32, ""y"": 1}, {""ground_truth_class_index"": 4, ""ground_truth_class_name"": ""forest"", ""kl"": 0.5925128795396218, ""predicted_class_index"": 4, ""predicted_class_name"": ""forest"", ""x"": 36, ""y"": 2}, {""ground_truth_class_index"": 4, ""ground_truth_class_name"": ""forest"", ""kl"": 0.5310066259109122, ""predicted_class_index"": 4, ""predicted_class_name"": ""forest"", ""x"": 35, ""y"": 1}, {""ground_truth_class_index"": 4, ""ground_truth_class_name"": ""forest"", ""kl"": 0.4984940474390027, ""predicted_class_index"": 4, ""predicted_class_name"": ""forest"", ""x"": 27, ""y"": 6}, {""ground_truth_class_index"": 4, ""ground_truth_class_name"": ""forest"", ""kl"": 0.4941591581724154, ""predicted_class_index"": 4, ""predicted_class_name"": ""forest"", ""x"": 28, ""y"": 5}, {""ground_truth_class_index"": 4, ""ground_truth_class_name"": ""forest"", ""kl"": 0.44796409030951767, ""predicted_class_index"": 4, ""predicted_class_name"": ""forest"", ""x"": 4, ""y"": 38}, {""ground_truth_class_index"": 4, ""ground_truth_class_name"": ""forest"", ""kl"": 0.44796409030951767, ""predicted_class_index"": 4, ""predicted_class_name"": ""forest"", ""x"": 34, ""y"": 1}, {""ground_truth_class_index"": 1, ""ground_truth_class_name"": ""settlement"", ""kl"": 0.44463145431351164, ""predicted_class_index"": 4, ""predicted_class_name"": ""forest"", ""x"": 3, ""y"": 17}]",,
fd3c92ff-3178-4dc9-8d9b-acf389b3982b,5,1,online_interactive,hazard_posterior_v11__policy=regime_probe__samples=1__k=5__rank=3__ridge=32__mix=70__obs=8__t=150,2,0,0,regime_probe_v1,1,50,1,50,77.31761290587336,0.08574946834797395,0.5889959896532807,0.43123275714827713,0.96875,"[0.6723038676561975, 0.11348945025601594, 0.007381731692353745, 0.008141872855117529, 0.18018149541700537, 0.018501582123309938]","[0.661812500000001, 0.1071593749999999, 0.007534375000000001, 0.009965625000000027, 0.19540312499999954, 0.018125]","[0.010491367656196515, 0.006330075256016032, -0.00015264330764625574, -0.001823752144882498, -0.015221629582994167, 0.00037658212330993895]",,,,,,,,,"[{""ground_truth_class_index"": 4, ""ground_truth_class_name"": ""forest"", ""kl"": 0.8287172434553758, ""predicted_class_index"": 4, ""predicted_class_name"": ""forest"", ""x"": 14, ""y"": 30}, {""ground_truth_class_index"": 4, ""ground_truth_class_name"": ""forest"", ""kl"": 0.8269316210792184, ""predicted_class_index"": 4, ""predicted_class_name"": ""forest"", ""x"": 16, ""y"": 32}, {""ground_truth_class_index"": 4, ""ground_truth_class_name"": ""forest"", ""kl"": 0.8235841288700188, ""predicted_class_index"": 4, ""predicted_class_name"": ""forest"", ""x"": 14, ""y"": 38}, {""ground_truth_class_index"": 4, ""ground_truth_class_name"": ""forest"", ""kl"": 0.8182271674929287, ""predicted_class_index"": 4, ""predicted_class_name"": ""forest"", ""x"": 38, ""y"": 21}, {""ground_truth_class_index"": 4, ""ground_truth_class_name"": ""forest"", ""kl"": 0.8108783011325464, ""predicted_class_index"": 4, ""predicted_class_name"": ""forest"", ""x"": 17, ""y"": 31}, {""ground_truth_class_index"": 4, ""ground_truth_class_name"": ""forest"", ""kl"": 0.7387984480377771, ""predicted_class_index"": 4, ""predicted_class_name"": ""forest"", ""x"": 5, ""y"": 28}, {""ground_truth_class_index"": 4, ""ground_truth_class_name"": ""forest"", ""kl"": 0.7359539160141074, ""predicted_class_index"": 4, ""predicted_class_name"": ""forest"", ""x"": 30, ""y"": 21}, {""ground_truth_class_index"": 4, ""ground_truth_class_name"": ""forest"", ""kl"": 0.7144492079072919, ""predicted_class_index"": 4, ""predicted_class_name"": ""forest"", ""x"": 14, ""y"": 28}, {""ground_truth_class_index"": 4, ""ground_truth_class_name"": ""forest"", ""kl"": 0.6951174758683666, ""predicted_class_index"": 4, ""predicted_class_name"": ""forest"", ""x"": 14, ""y"": 31}, {""ground_truth_class_index"": 4, ""ground_truth_class_name"": ""forest"", ""kl"": 0.6905770769850226, ""predicted_class_index"": 4, ""predicted_class_name"": ""forest"", ""x"": 13, ""y"": 30}]",,
fd3c92ff-3178-4dc9-8d9b-acf389b3982b,5,2,online_interactive,hazard_posterior_v11__policy=regime_probe__samples=1__k=5__rank=3__ridge=32__mix=70__obs=8__t=150,2,0,0,regime_probe_v1,1,50,1,50,82.19888385063282,0.06534282082586668,0.6272557204792105,0.5153972522020946,0.980625,"[0.6423389726418316, 0.12122260647965373, 0.010884071961272756, 0.0109136649837775, 0.19551793528700562, 0.01912274864645676]","[0.6434968749999997, 0.11920000000000001, 0.008115625000000005, 0.011940625000000031, 0.19849687499999916, 0.01875]","[-0.0011579023581681502, 0.0020226064796537158, 0.0027684469612727514, -0.0010269600162225306, -0.002978939712993539, 0.00037274864645676226]",,,,,,,,,"[{""ground_truth_class_index"": 4, ""ground_truth_class_name"": ""forest"", ""kl"": 0.6380811422915532, ""predicted_class_index"": 4, ""predicted_class_name"": ""forest"", ""x"": 37, ""y"": 25}, {""ground_truth_class_index"": 4, ""ground_truth_class_name"": ""forest"", ""kl"": 0.5625128456594051, ""predicted_class_index"": 4, ""predicted_class_name"": ""forest"", ""x"": 38, ""y"": 27}, {""ground_truth_class_index"": 4, ""ground_truth_class_name"": ""forest"", ""kl"": 0.46376307312133347, ""predicted_class_index"": 4, ""predicted_class_name"": ""forest"", ""x"": 37, ""y"": 28}, {""ground_truth_class_index"": 4, ""ground_truth_class_name"": ""forest"", ""kl"": 0.43597477253596517, ""predicted_class_index"": 4, ""predicted_class_name"": ""forest"", ""x"": 35, ""y"": 26}, {""ground_truth_class_index"": 4, ""ground_truth_class_name"": ""forest"", ""kl"": 0.4359336384028698, ""predicted_class_index"": 4, ""predicted_class_name"": ""forest"", ""x"": 38, ""y"": 31}, {""ground_truth_class_index"": 4, ""ground_truth_class_name"": ""forest"", ""kl"": 0.4203971825704235, ""predicted_class_index"": 4, ""predicted_class_name"": ""forest"", ""x"": 37, ""y"": 29}, {""ground_truth_class_index"": 1, ""ground_truth_class_name"": ""settlement"", ""kl"": 0.41791790708977333, ""predicted_class_index"": 4, ""predicted_class_name"": ""forest"", ""x"": 18, ""y"": 18}, {""ground_truth_class_index"": 4, ""ground_truth_class_name"": ""forest"", ""kl"": 0.41032187281271965, ""predicted_class_index"": 4, ""predicted_class_name"": ""forest"", ""x"": 38, ""y"": 1}, {""ground_truth_class_index"": 1, ""ground_truth_class_name"": ""settlement"", ""kl"": 0.4052546114682458, ""predicted_class_index"": 4, ""predicted_class_name"": ""forest"", ""x"": 4, ""y"": 20}, {""ground_truth_class_index"": 4, ""ground_truth_class_name"": ""forest"", ""kl"": 0.39094154363777905, ""predicted_class_index"": 4, ""predicted_class_name"": ""forest"", ""x"": 1, ""y"": 5}]",,
fd3c92ff-3178-4dc9-8d9b-acf389b3982b,5,3,online_interactive,hazard_posterior_v11__policy=regime_probe__samples=1__k=5__rank=3__ridge=32__mix=70__obs=8__t=150,2,0,0,regime_probe_v1,1,50,1,50,82.59728018548688,0.06373114451325351,0.5759049889617007,0.4894973509652186,0.989375,"[0.6657502666020929, 0.11074833389194733, 0.008636530596141355, 0.00816484078609779, 0.18008949731064075, 0.026610530813080856]","[0.6542906249999997, 0.10593437499999998, 0.008312499999999999, 0.012365624999999998, 0.19284687499999947, 0.02625]","[0.011459641602093229, 0.0048139588919473425, 0.0003240305961413562, -0.0042007842139022075, -0.012757377689358723, 0.0003605308130808574]",,,,,,,,,"[{""ground_truth_class_index"": 4, ""ground_truth_class_name"": ""forest"", ""kl"": 0.8174431723505066, ""predicted_class_index"": 4, ""predicted_class_name"": ""forest"", ""x"": 23, ""y"": 2}, {""ground_truth_class_index"": 4, ""ground_truth_class_name"": ""forest"", ""kl"": 0.8021802777744758, ""predicted_class_index"": 4, ""predicted_class_name"": ""forest"", ""x"": 24, ""y"": 1}, {""ground_truth_class_index"": 4, ""ground_truth_class_name"": ""forest"", ""kl"": 0.6599008512771104, ""predicted_class_index"": 4, ""predicted_class_name"": ""forest"", ""x"": 19, ""y"": 2}, {""ground_truth_class_index"": 4, ""ground_truth_class_name"": ""forest"", ""kl"": 0.6217756202079782, ""predicted_class_index"": 4, ""predicted_class_name"": ""forest"", ""x"": 38, ""y"": 30}, {""ground_truth_class_index"": 4, ""ground_truth_class_name"": ""forest"", ""kl"": 0.533564146291205, ""predicted_class_index"": 4, ""predicted_class_name"": ""forest"", ""x"": 23, ""y"": 38}, {""ground_truth_class_index"": 4, ""ground_truth_class_name"": ""forest"", ""kl"": 0.5326108091692814, ""predicted_class_index"": 4, ""predicted_class_name"": ""forest"", ""x"": 19, ""y"": 3}, {""ground_truth_class_index"": 4, ""ground_truth_class_name"": ""forest"", ""kl"": 0.5259365061966507, ""predicted_class_index"": 4, ""predicted_class_name"": ""forest"", ""x"": 23, ""y"": 4}, {""ground_truth_class_index"": 4, ""ground_truth_class_name"": ""forest"", ""kl"": 0.5162951283517261, ""predicted_class_index"": 4, ""predicted_class_name"": ""forest"", ""x"": 27, ""y"": 37}, {""ground_truth_class_index"": 4, ""ground_truth_class_name"": ""forest"", ""kl"": 0.47312283203717875, ""predicted_class_index"": 4, ""predicted_class_name"": ""forest"", ""x"": 23, ""y"": 21}, {""ground_truth_class_index"": 4, ""ground_truth_class_name"": ""forest"", ""kl"": 0.44564592839541994, ""predicted_class_index"": 4, ""predicted_class_name"": ""forest"", ""x"": 19, ""y"": 38}]",,
fd3c92ff-3178-4dc9-8d9b-acf389b3982b,5,4,online_interactive,hazard_posterior_v11__policy=regime_probe__samples=1__k=5__rank=3__ridge=32__mix=70__obs=8__t=150,2,0,0,regime_probe_v1,1,50,1,50,83.76827995739166,0.05903859031732736,0.6197215574494516,0.4788706260641596,0.99,"[0.64185066541955, 0.1214582768727726, 0.01017626310164047, 0.009945184661618032, 0.19121870837414293, 0.02535090157027554]","[0.6524093749999996, 0.10528750000000013, 0.007043749999999998, 0.012190625000000024, 0.19806874999999963, 0.025]","[-0.010558709580449577, 0.016170776872772463, 0.003132513101640472, -0.002245440338381992, -0.006850041625856701, 0.0003509015702755393]",,,,,,,,,"[{""ground_truth_class_index"": 4, ""ground_truth_class_name"": ""forest"", ""kl"": 0.7439931458073956, ""predicted_class_index"": 4, ""predicted_class_name"": ""forest"", ""x"": 37, ""y"": 7}, {""ground_truth_class_index"": 4, ""ground_truth_class_name"": ""forest"", ""kl"": 0.489268165113775, ""predicted_class_index"": 4, ""predicted_class_name"": ""forest"", ""x"": 1, ""y"": 9}, {""ground_truth_class_index"": 4, ""ground_truth_class_name"": ""forest"", ""kl"": 0.45557339769278005, ""predicted_class_index"": 4, ""predicted_class_name"": ""forest"", ""x"": 1, ""y"": 10}, {""ground_truth_class_index"": 4, ""ground_truth_class_name"": ""forest"", ""kl"": 0.4314597956809382, ""predicted_class_index"": 4, ""predicted_class_name"": ""forest"", ""x"": 34, ""y"": 16}, {""ground_truth_class_index"": 4, ""ground_truth_class_name"": ""forest"", ""kl"": 0.421061193427705, ""predicted_class_index"": 4, ""predicted_class_name"": ""forest"", ""x"": 21, ""y"": 2}, {""ground_truth_class_index"": 4, ""ground_truth_class_name"": ""forest"", ""kl"": 0.41598003431344377, ""predicted_class_index"": 4, ""predicted_class_name"": ""forest"", ""x"": 20, ""y"": 1}, {""ground_truth_class_index"": 4, ""ground_truth_class_name"": ""forest"", ""kl"": 0.413092672550966, ""predicted_class_index"": 4, ""predicted_class_name"": ""forest"", ""x"": 38, ""y"": 2}, {""ground_truth_class_index"": 4, ""ground_truth_class_name"": ""forest"", ""kl"": 0.411913085641773, ""predicted_class_index"": 4, ""predicted_class_name"": ""forest"", ""x"": 38, ""y"": 4}, {""ground_truth_class_index"": 4, ""ground_truth_class_name"": ""forest"", ""kl"": 0.4066786873458754, ""predicted_class_index"": 4, ""predicted_class_name"": ""forest"", ""x"": 37, ""y"": 13}, {""ground_truth_class_index"": 4, ""ground_truth_class_name"": ""forest"", ""kl"": 0.4006037800117435, ""predicted_class_index"": 4, ""predicted_class_name"": ""forest"", ""x"": 34, ""y"": 15}]",,
ae78003a-4efe-425a-881a-d16a39bca0ad,6,0,online_interactive,hazard_posterior_v11__policy=regime_probe__samples=1__k=5__rank=3__ridge=32__mix=70__obs=8__t=150,2,0,0,regime_probe_v1,1,50,0,50,73.91274374335535,0.10076164237270437,0.6548511046411596,0.7894469981680904,0.93375,"[0.6586347736810231, 0.14773639521791262, 0.010796889607567639, 0.013757469972842527, 0.15744435921028394, 0.011630112310370417]","[0.5741874999999997, 0.2129406250000001, 0.01307812500000001, 0.026256249999999984, 0.16228749999999978, 0.01125]","[0.08444727368102334, -0.06520422978208748, -0.002281235392432371, -0.012498780027157458, -0.004843140789715844, 0.000380112310370417]",,,,,,,,,"[{""ground_truth_class_index"": 4, ""ground_truth_class_name"": ""forest"", ""kl"": 3.1126655111027044, ""predicted_class_index"": 0, ""predicted_class_name"": ""empty"", ""x"": 38, ""y"": 1}, {""ground_truth_class_index"": 4, ""ground_truth_class_name"": ""forest"", ""kl"": 2.5245043212025564, ""predicted_class_index"": 0, ""predicted_class_name"": ""empty"", ""x"": 37, ""y"": 1}, {""ground_truth_class_index"": 4, ""ground_truth_class_name"": ""forest"", ""kl"": 2.4862944575571033, ""predicted_class_index"": 0, ""predicted_class_name"": ""empty"", ""x"": 38, ""y"": 2}, {""ground_truth_class_index"": 4, ""ground_truth_class_name"": ""forest"", ""kl"": 2.0573791446349863, ""predicted_class_index"": 0, ""predicted_class_name"": ""empty"", ""x"": 2, ""y"": 1}, {""ground_truth_class_index"": 4, ""ground_truth_class_name"": ""forest"", ""kl"": 1.6112174293497268, ""predicted_class_index"": 0, ""predicted_class_name"": ""empty"", ""x"": 1, ""y"": 3}, {""ground_truth_class_index"": 4, ""ground_truth_class_name"": ""forest"", ""kl"": 1.5839659736179486, ""predicted_class_index"": 0, ""predicted_class_name"": ""empty"", ""x"": 35, ""y"": 1}, {""ground_truth_class_index"": 4, ""ground_truth_class_name"": ""forest"", ""kl"": 1.5082321671759142, ""predicted_class_index"": 0, ""predicted_class_name"": ""empty"", ""x"": 2, ""y"": 2}, {""ground_truth_class_index"": 4, ""ground_truth_class_name"": ""forest"", ""kl"": 1.1503966119588886, ""predicted_class_index"": 0, ""predicted_class_name"": ""empty"", ""x"": 38, ""y"": 20}, {""ground_truth_class_index"": 4, ""ground_truth_class_name"": ""forest"", ""kl"": 1.011313658864995, ""predicted_class_index"": 0, ""predicted_class_name"": ""empty"", ""x"": 1, ""y"": 4}, {""ground_truth_class_index"": 4, ""ground_truth_class_name"": ""forest"", ""kl"": 1.0025989518645995, ""predicted_class_index"": 0, ""predicted_class_name"": ""empty"", ""x"": 3, ""y"": 2}]",,
ae78003a-4efe-425a-881a-d16a39bca0ad,6,1,online_interactive,hazard_posterior_v11__policy=regime_probe__samples=1__k=5__rank=3__ridge=32__mix=70__obs=8__t=150,2,0,0,regime_probe_v1,1,50,0,50,68.43108726698557,0.12644765746749848,0.6478432637289023,0.7860640421408108,0.916875,"[0.635679119187453, 0.14906643338751155, 0.009378636838662226, 0.016504910925845297, 0.16213630488748879, 0.027234594773038537]","[0.5473343749999995, 0.21605000000000008, 0.014059375000000011, 0.027843750000000028, 0.16783749999999986, 0.026875]","[0.08834474418745353, -0.06698356661248853, -0.004680738161337785, -0.01133883907415473, -0.005701195112511076, 0.00035959477303853724]",,,,,,,,,"[{""ground_truth_class_index"": 4, ""ground_truth_class_name"": ""forest"", ""kl"": 3.180009758552357, ""predicted_class_index"": 0, ""predicted_class_name"": ""empty"", ""x"": 34, ""y"": 1}, {""ground_truth_class_index"": 4, ""ground_truth_class_name"": ""forest"", ""kl"": 2.0796115604217085, ""predicted_class_index"": 1, ""predicted_class_name"": ""settlement"", ""x"": 37, ""y"": 37}, {""ground_truth_class_index"": 4, ""ground_truth_class_name"": ""forest"", ""kl"": 1.8155255441405733, ""predicted_class_index"": 0, ""predicted_class_name"": ""empty"", ""x"": 34, ""y"": 3}, {""ground_truth_class_index"": 4, ""ground_truth_class_name"": ""forest"", ""kl"": 1.8145283779788508, ""predicted_class_index"": 0, ""predicted_class_name"": ""empty"", ""x"": 33, ""y"": 2}, {""ground_truth_class_index"": 1, ""ground_truth_class_name"": ""settlement"", ""kl"": 1.6872001410051125, ""predicted_class_index"": 4, ""predicted_class_name"": ""forest"", ""x"": 6, ""y"": 4}, {""ground_truth_class_index"": 1, ""ground_truth_class_name"": ""settlement"", ""kl"": 1.4514953700171018, ""predicted_class_index"": 4, ""predicted_class_name"": ""forest"", ""x"": 7, ""y"": 4}, {""ground_truth_class_index"": 2, ""ground_truth_class_name"": ""port"", ""kl"": 1.4168947486922665, ""predicted_class_index"": 4, ""predicted_class_name"": ""forest"", ""x"": 7, ""y"": 1}, {""ground_truth_class_index"": 1, ""ground_truth_class_name"": ""settlement"", ""kl"": 1.3252378312159294, ""predicted_class_index"": 4, ""predicted_class_name"": ""forest"", ""x"": 9, ""y"": 2}, {""ground_truth_class_index"": 4, ""ground_truth_class_name"": ""forest"", ""kl"": 1.3061117068881363, ""predicted_class_index"": 4, ""predicted_class_name"": ""forest"", ""x"": 8, ""y"": 1}, {""ground_truth_class_index"": 4, ""ground_truth_class_name"": ""forest"", ""kl"": 1.2893150259103316, ""predicted_class_index"": 4, ""predicted_class_name"": ""forest"", ""x"": 5, ""y"": 5}]",,
ae78003a-4efe-425a-881a-d16a39bca0ad,6,2,online_interactive,hazard_posterior_v11__policy=regime_probe__samples=1__k=5__rank=3__ridge=32__mix=70__obs=8__t=150,2,0,0,regime_probe_v1,1,50,0,50,71.57783832530161,0.11146156017640799,0.6535768393555057,0.8069427190990688,0.941875,"[0.6391112385368972, 0.14803470081556733, 0.013895118027603712, 0.014165751567470176, 0.16506351071151115, 0.019729680340951797]","[0.572378125, 0.20220625000000034, 0.019393749999999998, 0.027478125000000006, 0.1591687500000002, 0.019375]","[0.06673311353689726, -0.05417154918443301, -0.005498631972396285, -0.01331237343252983, 0.00589476071151096, 0.0003546803409517976]",,,,,,,,,"[{""ground_truth_class_index"": 2, ""ground_truth_class_name"": ""port"", ""kl"": 1.7897550660935702, ""predicted_class_index"": 4, ""predicted_class_name"": ""forest"", ""x"": 37, ""y"": 20}, {""ground_truth_class_index"": 2, ""ground_truth_class_name"": ""port"", ""kl"": 1.7733183905230774, ""predicted_class_index"": 4, ""predicted_class_name"": ""forest"", ""x"": 36, ""y"": 20}, {""ground_truth_class_index"": 1, ""ground_truth_class_name"": ""settlement"", ""kl"": 1.5734260567148965, ""predicted_class_index"": 4, ""predicted_class_name"": ""forest"", ""x"": 37, ""y"": 22}, {""ground_truth_class_index"": 2, ""ground_truth_class_name"": ""port"", ""kl"": 1.558468120503616, ""predicted_class_index"": 4, ""predicted_class_name"": ""forest"", ""x"": 38, ""y"": 21}, {""ground_truth_class_index"": 0, ""ground_truth_class_name"": ""empty"", ""kl"": 1.405540328636965, ""predicted_class_index"": 4, ""predicted_class_name"": ""forest"", ""x"": 36, ""y"": 23}, {""ground_truth_class_index"": 1, ""ground_truth_class_name"": ""settlement"", ""kl"": 0.7658116418339838, ""predicted_class_index"": 0, ""predicted_class_name"": ""empty"", ""x"": 36, ""y"": 19}, {""ground_truth_class_index"": 4, ""ground_truth_class_name"": ""forest"", ""kl"": 0.7601730972346679, ""predicted_class_index"": 0, ""predicted_class_name"": ""empty"", ""x"": 2, ""y"": 30}, {""ground_truth_class_index"": 0, ""ground_truth_class_name"": ""empty"", ""kl"": 0.7000212807102703, ""predicted_class_index"": 0, ""predicted_class_name"": ""empty"", ""x"": 38, ""y"": 22}, {""ground_truth_class_index"": 1, ""ground_truth_class_name"": ""settlement"", ""kl"": 0.6884497497426353, ""predicted_class_index"": 0, ""predicted_class_name"": ""empty"", ""x"": 38, ""y"": 20}, {""ground_truth_class_index"": 4, ""ground_truth_class_name"": ""forest"", ""kl"": 0.6036516774476373, ""predicted_class_index"": 4, ""predicted_class_name"": ""forest"", ""x"": 1, ""y"": 29}]",,
ae78003a-4efe-425a-881a-d16a39bca0ad,6,3,online_interactive,hazard_posterior_v11__policy=regime_probe__samples=1__k=5__rank=3__ridge=32__mix=70__obs=8__t=150,2,0,0,regime_probe_v1,1,50,0,50,74.47545844609913,0.09823351056770155,0.676980136330154,0.8203566699366247,0.936875,"[0.6170141626275023, 0.15639956414351602, 0.010623315173395858, 0.014270082103769089, 0.1750752873285286, 0.026617588623287506]","[0.5466906249999993, 0.21347187499999973, 0.012496874999999998, 0.028006249999999958, 0.17308437499999954, 0.02625]","[0.07032353762750299, -0.057072310856483704, -0.0018735598266041396, -0.01373616789623087, 0.0019909123285290486, 0.00036758862328750697]",,,,,,,,,"[{""ground_truth_class_index"": 4, ""ground_truth_class_name"": ""forest"", ""kl"": 2.1003126407860204, ""predicted_class_index"": 0, ""predicted_class_name"": ""empty"", ""x"": 38, ""y"": 3}, {""ground_truth_class_index"": 4, ""ground_truth_class_name"": ""forest"", ""kl"": 2.0925454678327204, ""predicted_class_index"": 0, ""predicted_class_name"": ""empty"", ""x"": 36, ""y"": 1}, {""ground_truth_class_index"": 4, ""ground_truth_class_name"": ""forest"", ""kl"": 1.6248122836079102, ""predicted_class_index"": 0, ""predicted_class_name"": ""empty"", ""x"": 38, ""y"": 11}, {""ground_truth_class_index"": 4, ""ground_truth_class_name"": ""forest"", ""kl"": 1.0154755041656536, ""predicted_class_index"": 0, ""predicted_class_name"": ""empty"", ""x"": 34, ""y"": 1}, {""ground_truth_class_index"": 4, ""ground_truth_class_name"": ""forest"", ""kl"": 1.0136292283105053, ""predicted_class_index"": 0, ""predicted_class_name"": ""empty"", ""x"": 37, ""y"": 11}, {""ground_truth_class_index"": 4, ""ground_truth_class_name"": ""forest"", ""kl"": 0.9705805529852594, ""predicted_class_index"": 0, ""predicted_class_name"": ""empty"", ""x"": 33, ""y"": 38}, {""ground_truth_class_index"": 4, ""ground_truth_class_name"": ""forest"", ""kl"": 0.7654899385755194, ""predicted_class_index"": 0, ""predicted_class_name"": ""empty"", ""x"": 32, ""y"": 38}, {""ground_truth_class_index"": 4, ""ground_truth_class_name"": ""forest"", ""kl"": 0.7543330959681346, ""predicted_class_index"": 0, ""predicted_class_name"": ""empty"", ""x"": 36, ""y"": 11}, {""ground_truth_class_index"": 4, ""ground_truth_class_name"": ""forest"", ""kl"": 0.6834596787454937, ""predicted_class_index"": 0, ""predicted_class_name"": ""empty"", ""x"": 37, ""y"": 9}, {""ground_truth_class_index"": 4, ""ground_truth_class_name"": ""forest"", ""kl"": 0.6505402352502854, ""predicted_class_index"": 0, ""predicted_class_name"": ""empty"", ""x"": 27, ""y"": 1}]",,
ae78003a-4efe-425a-881a-d16a39bca0ad,6,4,online_interactive,hazard_posterior_v11__policy=regime_probe__samples=1__k=5__rank=3__ridge=32__mix=70__obs=8__t=150,2,0,0,regime_probe_v1,1,50,0,50,56.460329461298954,0.19054397595838385,0.595425554453076,0.838349515530724,0.898125,"[0.6864936375882347, 0.1359438483494742, 0.007540675781132298, 0.011539820607769685, 0.1331219635788857, 0.025360054094501493]","[0.5457500000000002, 0.23408749999999984, 0.013725000000000005, 0.030178124999999948, 0.15125937499999992, 0.025]","[0.1407436375882345, -0.09814365165052563, -0.006184324218867707, -0.018638304392230264, -0.01813741142111422, 0.000360054094501492]",,,,,,,,,"[{""ground_truth_class_index"": 4, ""ground_truth_class_name"": ""forest"", ""kl"": 2.4639648634746494, ""predicted_class_index"": 0, ""predicted_class_name"": ""empty"", ""x"": 1, ""y"": 38}, {""ground_truth_class_index"": 4, ""ground_truth_class_name"": ""forest"", ""kl"": 1.8971994501261569, ""predicted_class_index"": 0, ""predicted_class_name"": ""empty"", ""x"": 38, ""y"": 34}, {""ground_truth_class_index"": 4, ""ground_truth_class_name"": ""forest"", ""kl"": 1.614208928626581, ""predicted_class_index"": 0, ""predicted_class_name"": ""empty"", ""x"": 14, ""y"": 29}, {""ground_truth_class_index"": 4, ""ground_truth_class_name"": ""forest"", ""kl"": 1.5644904715300465, ""predicted_class_index"": 0, ""predicted_class_name"": ""empty"", ""x"": 23, ""y"": 28}, {""ground_truth_class_index"": 4, ""ground_truth_class_name"": ""forest"", ""kl"": 1.4827027084549727, ""predicted_class_index"": 0, ""predicted_class_name"": ""empty"", ""x"": 14, ""y"": 30}, {""ground_truth_class_index"": 4, ""ground_truth_class_name"": ""forest"", ""kl"": 1.4665947832960489, ""predicted_class_index"": 0, ""predicted_class_name"": ""empty"", ""x"": 1, ""y"": 10}, {""ground_truth_class_index"": 4, ""ground_truth_class_name"": ""forest"", ""kl"": 1.3607588710686138, ""predicted_class_index"": 0, ""predicted_class_name"": ""empty"", ""x"": 20, ""y"": 31}, {""ground_truth_class_index"": 4, ""ground_truth_class_name"": ""forest"", ""kl"": 1.3583434396819338, ""predicted_class_index"": 0, ""predicted_class_name"": ""empty"", ""x"": 38, ""y"": 16}, {""ground_truth_class_index"": 4, ""ground_truth_class_name"": ""forest"", ""kl"": 1.2481846386612214, ""predicted_class_index"": 0, ""predicted_class_name"": ""empty"", ""x"": 38, ""y"": 17}, {""ground_truth_class_index"": 4, ""ground_truth_class_name"": ""forest"", ""kl"": 1.168616375427672, ""predicted_class_index"": 0, ""predicted_class_name"": ""empty"", ""x"": 37, ""y"": 34}]",,
ae78003a-4efe-425a-881a-d16a39bca0ad,6,0,online_interactive,hazard_posterior_v11__policy=regime_probe__samples=1__k=5__rank=3__ridge=32__mix=70__obs=8__t=150,2,0,0,regime_probe_v1,1,50,1,50,73.6608185803152,0.1018997206924144,0.6526845803912593,0.7894469981680904,0.93375,"[0.660020431053061, 0.14624071876117586, 0.01082210268953093, 0.013509743497431505, 0.1577768922123627, 0.011630111786438075]","[0.5741874999999997, 0.2129406250000001, 0.01307812500000001, 0.026256249999999984, 0.16228749999999978, 0.01125]","[0.08583293105306122, -0.06669990623882424, -0.002256022310469079, -0.01274650650256848, -0.0045106077876370665, 0.00038011178643807507]",,,,,,,,,"[{""ground_truth_class_index"": 4, ""ground_truth_class_name"": ""forest"", ""kl"": 3.112610565475991, ""predicted_class_index"": 0, ""predicted_class_name"": ""empty"", ""x"": 38, ""y"": 1}, {""ground_truth_class_index"": 4, ""ground_truth_class_name"": ""forest"", ""kl"": 2.5244592602353455, ""predicted_class_index"": 0, ""predicted_class_name"": ""empty"", ""x"": 37, ""y"": 1}, {""ground_truth_class_index"": 4, ""ground_truth_class_name"": ""forest"", ""kl"": 2.4862496387708273, ""predicted_class_index"": 0, ""predicted_class_name"": ""empty"", ""x"": 38, ""y"": 2}, {""ground_truth_class_index"": 4, ""ground_truth_class_name"": ""forest"", ""kl"": 2.0573436457306626, ""predicted_class_index"": 0, ""predicted_class_name"": ""empty"", ""x"": 2, ""y"": 1}, {""ground_truth_class_index"": 4, ""ground_truth_class_name"": ""forest"", ""kl"": 1.6111892570900108, ""predicted_class_index"": 0, ""predicted_class_name"": ""empty"", ""x"": 1, ""y"": 3}, {""ground_truth_class_index"": 4, ""ground_truth_class_name"": ""forest"", ""kl"": 1.583937121271536, ""predicted_class_index"": 0, ""predicted_class_name"": ""empty"", ""x"": 35, ""y"": 1}, {""ground_truth_class_index"": 4, ""ground_truth_class_name"": ""forest"", ""kl"": 1.5082054008534769, ""predicted_class_index"": 0, ""predicted_class_name"": ""empty"", ""x"": 2, ""y"": 2}, {""ground_truth_class_index"": 4, ""ground_truth_class_name"": ""forest"", ""kl"": 1.1503750727504982, ""predicted_class_index"": 0, ""predicted_class_name"": ""empty"", ""x"": 38, ""y"": 20}, {""ground_truth_class_index"": 4, ""ground_truth_class_name"": ""forest"", ""kl"": 1.0112939679586415, ""predicted_class_index"": 0, ""predicted_class_name"": ""empty"", ""x"": 1, ""y"": 4}, {""ground_truth_class_index"": 4, ""ground_truth_class_name"": ""forest"", ""kl"": 1.0025831436362982, ""predicted_class_index"": 0, ""predicted_class_name"": ""empty"", ""x"": 3, ""y"": 2}]",,
ae78003a-4efe-425a-881a-d16a39bca0ad,6,1,online_interactive,hazard_posterior_v11__policy=regime_probe__samples=1__k=5__rank=3__ridge=32__mix=70__obs=8__t=150,2,0,0,regime_probe_v1,1,50,1,50,68.73393268773371,0.12497572770507821,0.6482270863693887,0.7860640421408108,0.91625,"[0.6345741423385226, 0.15085482128175842, 0.009266355877473821, 0.015502791856914484, 0.1625672944293898, 0.02723459421593967]","[0.5473343749999995, 0.21605000000000008, 0.014059375000000011, 0.027843750000000028, 0.16783749999999986, 0.026875]","[0.08723976733852312, -0.06519517871824165, -0.00479301912252619, -0.012340958143085544, -0.005270205570610059, 0.0003595942159396702]",,,,,,,,,"[{""ground_truth_class_index"": 4, ""ground_truth_class_name"": ""forest"", ""kl"": 3.1799552108121074, ""predicted_class_index"": 0, ""predicted_class_name"": ""empty"", ""x"": 34, ""y"": 1}, {""ground_truth_class_index"": 4, ""ground_truth_class_name"": ""forest"", ""kl"": 2.079528358890232, ""predicted_class_index"": 1, ""predicted_class_name"": ""settlement"", ""x"": 37, ""y"": 37}, {""ground_truth_class_index"": 4, ""ground_truth_class_name"": ""forest"", ""kl"": 1.8154966927019187, ""predicted_class_index"": 0, ""predicted_class_name"": ""empty"", ""x"": 34, ""y"": 3}, {""ground_truth_class_index"": 4, ""ground_truth_class_name"": ""forest"", ""kl"": 1.8144993152759514, ""predicted_class_index"": 0, ""predicted_class_name"": ""empty"", ""x"": 33, ""y"": 2}, {""ground_truth_class_index"": 1, ""ground_truth_class_name"": ""settlement"", ""kl"": 1.687185294930987, ""predicted_class_index"": 4, ""predicted_class_name"": ""forest"", ""x"": 6, ""y"": 4}, {""ground_truth_class_index"": 1, ""ground_truth_class_name"": ""settlement"", ""kl"": 1.4514794180563984, ""predicted_class_index"": 4, ""predicted_class_name"": ""forest"", ""x"": 7, ""y"": 4}, {""ground_truth_class_index"": 2, ""ground_truth_class_name"": ""port"", ""kl"": 1.4168836725076086, ""predicted_class_index"": 4, ""predicted_class_name"": ""forest"", ""x"": 7, ""y"": 1}, {""ground_truth_class_index"": 1, ""ground_truth_class_name"": ""settlement"", ""kl"": 1.3252302329937427, ""predicted_class_index"": 4, ""predicted_class_name"": ""forest"", ""x"": 9, ""y"": 2}, {""ground_truth_class_index"": 4, ""ground_truth_class_name"": ""forest"", ""kl"": 1.3061033898999261, ""predicted_class_index"": 4, ""predicted_class_name"": ""forest"", ""x"": 8, ""y"": 1}, {""ground_truth_class_index"": 4, ""ground_truth_class_name"": ""forest"", ""kl"": 1.2893101075191884, ""predicted_class_index"": 4, ""predicted_class_name"": ""forest"", ""x"": 5, ""y"": 5}]",,
ae78003a-4efe-425a-881a-d16a39bca0ad,6,2,online_interactive,hazard_posterior_v11__policy=regime_probe__samples=1__k=5__rank=3__ridge=32__mix=70__obs=8__t=150,2,0,0,regime_probe_v1,1,50,1,50,71.5600306656428,0.11154449960572063,0.6558033550650809,0.8069427190990688,0.940625,"[0.6389577265480973, 0.1475565134604852, 0.013843292959069648, 0.014899479806971944, 0.16501330550330967, 0.019729681722066513]","[0.572378125, 0.20220625000000034, 0.019393749999999998, 0.027478125000000006, 0.1591687500000002, 0.019375]","[0.06657960154809739, -0.05464973653951513, -0.005550457040930349, -0.012578645193028062, 0.005844555503309479, 0.00035468172206651327]",,,,,,,,,"[{""ground_truth_class_index"": 2, ""ground_truth_class_name"": ""port"", ""kl"": 1.7897400605676044, ""predicted_class_index"": 4, ""predicted_class_name"": ""forest"", ""x"": 37, ""y"": 20}, {""ground_truth_class_index"": 2, ""ground_truth_class_name"": ""port"", ""kl"": 1.7732998646858191, ""predicted_class_index"": 4, ""predicted_class_name"": ""forest"", ""x"": 36, ""y"": 20}, {""ground_truth_class_index"": 1, ""ground_truth_class_name"": ""settlement"", ""kl"": 1.5734119504000057, ""predicted_class_index"": 4, ""predicted_class_name"": ""forest"", ""x"": 37, ""y"": 22}, {""ground_truth_class_index"": 2, ""ground_truth_class_name"": ""port"", ""kl"": 1.5584561038478626, ""predicted_class_index"": 4, ""predicted_class_name"": ""forest"", ""x"": 38, ""y"": 21}, {""ground_truth_class_index"": 0, ""ground_truth_class_name"": ""empty"", ""kl"": 1.405529146001653, ""predicted_class_index"": 4, ""predicted_class_name"": ""forest"", ""x"": 36, ""y"": 23}, {""ground_truth_class_index"": 1, ""ground_truth_class_name"": ""settlement"", ""kl"": 0.7658135490579447, ""predicted_class_index"": 0, ""predicted_class_name"": ""empty"", ""x"": 36, ""y"": 19}, {""ground_truth_class_index"": 4, ""ground_truth_class_name"": ""forest"", ""kl"": 0.7601608176251919, ""predicted_class_index"": 0, ""predicted_class_name"": ""empty"", ""x"": 2, ""y"": 30}, {""ground_truth_class_index"": 0, ""ground_truth_class_name"": ""empty"", ""kl"": 0.7000237291300215, ""predicted_class_index"": 0, ""predicted_class_name"": ""empty"", ""x"": 38, ""y"": 22}, {""ground_truth_class_index"": 1, ""ground_truth_class_name"": ""settlement"", ""kl"": 0.6884530621737538, ""predicted_class_index"": 0, ""predicted_class_name"": ""empty"", ""x"": 38, ""y"": 20}, {""ground_truth_class_index"": 4, ""ground_truth_class_name"": ""forest"", ""kl"": 0.6036407552438717, ""predicted_class_index"": 4, ""predicted_class_name"": ""forest"", ""x"": 1, ""y"": 29}]",,
ae78003a-4efe-425a-881a-d16a39bca0ad,6,3,online_interactive,hazard_posterior_v11__policy=regime_probe__samples=1__k=5__rank=3__ridge=32__mix=70__obs=8__t=150,2,0,0,regime_probe_v1,1,50,1,50,74.92427239591633,0.09623076131046618,0.6799868073145028,0.8203566699366247,0.935625,"[0.6160490893618937, 0.15664750515326756, 0.010810660733702515, 0.014622770803476617, 0.17525238112298464, 0.026617592824672336]","[0.5466906249999993, 0.21347187499999973, 0.012496874999999998, 0.028006249999999958, 0.17308437499999954, 0.02625]","[0.06935846436189441, -0.05682436984673217, -0.0016862142662974824, -0.013383479196523341, 0.0021680061229850944, 0.0003675928246723373]",,,,,,,,,"[{""ground_truth_class_index"": 4, ""ground_truth_class_name"": ""forest"", ""kl"": 2.100275921418454, ""predicted_class_index"": 0, ""predicted_class_name"": ""empty"", ""x"": 38, ""y"": 3}, {""ground_truth_class_index"": 4, ""ground_truth_class_name"": ""forest"", ""kl"": 2.092508929964096, ""predicted_class_index"": 0, ""predicted_class_name"": ""empty"", ""x"": 36, ""y"": 1}, {""ground_truth_class_index"": 4, ""ground_truth_class_name"": ""forest"", ""kl"": 1.6247834458087462, ""predicted_class_index"": 0, ""predicted_class_name"": ""empty"", ""x"": 38, ""y"": 11}, {""ground_truth_class_index"": 4, ""ground_truth_class_name"": ""forest"", ""kl"": 1.168846663624055, ""predicted_class_index"": 0, ""predicted_class_name"": ""empty"", ""x"": 32, ""y"": 38}, {""ground_truth_class_index"": 4, ""ground_truth_class_name"": ""forest"", ""kl"": 1.0154562184842542, ""predicted_class_index"": 0, ""predicted_class_name"": ""empty"", ""x"": 34, ""y"": 1}, {""ground_truth_class_index"": 4, ""ground_truth_class_name"": ""forest"", ""kl"": 1.0136129651560375, ""predicted_class_index"": 0, ""predicted_class_name"": ""empty"", ""x"": 37, ""y"": 11}, {""ground_truth_class_index"": 4, ""ground_truth_class_name"": ""forest"", ""kl"": 0.9705682173996071, ""predicted_class_index"": 0, ""predicted_class_name"": ""empty"", ""x"": 33, ""y"": 38}, {""ground_truth_class_index"": 4, ""ground_truth_class_name"": ""forest"", ""kl"": 0.7543215568335646, ""predicted_class_index"": 0, ""predicted_class_name"": ""empty"", ""x"": 36, ""y"": 11}, {""ground_truth_class_index"": 4, ""ground_truth_class_name"": ""forest"", ""kl"": 0.6834485976574255, ""predicted_class_index"": 0, ""predicted_class_name"": ""empty"", ""x"": 37, ""y"": 9}, {""ground_truth_class_index"": 4, ""ground_truth_class_name"": ""forest"", ""kl"": 0.6505269675574021, ""predicted_class_index"": 0, ""predicted_class_name"": ""empty"", ""x"": 27, ""y"": 1}]",,
ae78003a-4efe-425a-881a-d16a39bca0ad,6,4,online_interactive,hazard_posterior_v11__policy=regime_probe__samples=1__k=5__rank=3__ridge=32__mix=70__obs=8__t=150,2,0,0,regime_probe_v1,1,50,1,50,56.36370238678735,0.19111493645650848,0.5940952736923563,0.838349515530724,0.899375,"[0.6864788868688487, 0.13559946369574358, 0.007268674671231656, 0.011310197586785909, 0.13398095038950186, 0.025361826787887554]","[0.5457500000000002, 0.23408749999999984, 0.013725000000000005, 0.030178124999999948, 0.15125937499999992, 0.025]","[0.14072888686884855, -0.09848803630425626, -0.006456325328768348, -0.01886792741321404, -0.017278424610498055, 0.00036182678788755293]",,,,,,,,,"[{""ground_truth_class_index"": 4, ""ground_truth_class_name"": ""forest"", ""kl"": 2.463917099438607, ""predicted_class_index"": 0, ""predicted_class_name"": ""empty"", ""x"": 1, ""y"": 38}, {""ground_truth_class_index"": 4, ""ground_truth_class_name"": ""forest"", ""kl"": 1.897159869043995, ""predicted_class_index"": 0, ""predicted_class_name"": ""empty"", ""x"": 38, ""y"": 34}, {""ground_truth_class_index"": 4, ""ground_truth_class_name"": ""forest"", ""kl"": 1.5792455492303468, ""predicted_class_index"": 0, ""predicted_class_name"": ""empty"", ""x"": 23, ""y"": 28}, {""ground_truth_class_index"": 4, ""ground_truth_class_name"": ""forest"", ""kl"": 1.4826728691404143, ""predicted_class_index"": 0, ""predicted_class_name"": ""empty"", ""x"": 14, ""y"": 30}, {""ground_truth_class_index"": 4, ""ground_truth_class_name"": ""forest"", ""kl"": 1.3607309655941748, ""predicted_class_index"": 0, ""predicted_class_name"": ""empty"", ""x"": 20, ""y"": 31}, {""ground_truth_class_index"": 4, ""ground_truth_class_name"": ""forest"", ""kl"": 1.358314544065662, ""predicted_class_index"": 0, ""predicted_class_name"": ""empty"", ""x"": 38, ""y"": 16}, {""ground_truth_class_index"": 4, ""ground_truth_class_name"": ""forest"", ""kl"": 1.3010120626211226, ""predicted_class_index"": 0, ""predicted_class_name"": ""empty"", ""x"": 14, ""y"": 29}, {""ground_truth_class_index"": 4, ""ground_truth_class_name"": ""forest"", ""kl"": 1.2481576347983145, ""predicted_class_index"": 0, ""predicted_class_name"": ""empty"", ""x"": 38, ""y"": 17}, {""ground_truth_class_index"": 4, ""ground_truth_class_name"": ""forest"", ""kl"": 1.1685905357534931, ""predicted_class_index"": 0, ""predicted_class_name"": ""empty"", ""x"": 37, ""y"": 34}, {""ground_truth_class_index"": 4, ""ground_truth_class_name"": ""forest"", ""kl"": 1.0696252075525043, ""predicted_class_index"": 0, ""predicted_class_name"": ""empty"", ""x"": 23, ""y"": 32}]",,
