round_id,round_number,seed_index,mode,model_name,training_round_count,training_analyzed_seed_count,training_cell_count,policy_name,budget,episode_seed,executed_queries,score,weighted_kl,mean_prediction_entropy,mean_ground_truth_entropy,argmax_agreement_rate,predicted_class_mass,ground_truth_class_mass,residual_class_mass,support_full_pct,support_structural_pct,support_terrain_pct,support_global_pct,full_bucket_count_p10,full_bucket_count_p50,full_bucket_count_p90,visualization_seconds,top_kl_cells,report_path,manifest_path
8e839974-b13b-407b-a5e7-fc749d877195,4,0,online_interactive,f1_summary_roundlaw_decoder_hrates_r3_v01,2,0,0,coverage,50,0,45,78.32857567360452,0.08141923281273236,0.6932469660087306,0.45210741165846485,1.0,"[0.6152229713842718, 0.13292491358058228, 0.01590326693698896, 0.014189598297342305, 0.19375007608567713, 0.02800917371513692]","[0.6722437500000013, 0.07697500000000007, 0.006021875000000002, 0.007090625000000009, 0.21829374999999962, 0.019375]","[-0.057020778615729406, 0.05594991358058221, 0.009881391936988958, 0.0070989732973422955, -0.024543673914322495, 0.00863417371513692]",,,,,,,,,"[{""ground_truth_class_index"": 0, ""ground_truth_class_name"": ""empty"", ""kl"": 0.40893435776133624, ""predicted_class_index"": 0, ""predicted_class_name"": ""empty"", ""x"": 9, ""y"": 35}, {""ground_truth_class_index"": 0, ""ground_truth_class_name"": ""empty"", ""kl"": 0.37757312256396525, ""predicted_class_index"": 0, ""predicted_class_name"": ""empty"", ""x"": 18, ""y"": 11}, {""ground_truth_class_index"": 0, ""ground_truth_class_name"": ""empty"", ""kl"": 0.3321887433875452, ""predicted_class_index"": 0, ""predicted_class_name"": ""empty"", ""x"": 12, ""y"": 9}, {""ground_truth_class_index"": 0, ""ground_truth_class_name"": ""empty"", ""kl"": 0.3161632846231377, ""predicted_class_index"": 0, ""predicted_class_name"": ""empty"", ""x"": 36, ""y"": 22}, {""ground_truth_class_index"": 0, ""ground_truth_class_name"": ""empty"", ""kl"": 0.3032248196946932, ""predicted_class_index"": 0, ""predicted_class_name"": ""empty"", ""x"": 6, ""y"": 33}, {""ground_truth_class_index"": 0, ""ground_truth_class_name"": ""empty"", ""kl"": 0.29810300024892844, ""predicted_class_index"": 0, ""predicted_class_name"": ""empty"", ""x"": 15, ""y"": 23}, {""ground_truth_class_index"": 0, ""ground_truth_class_name"": ""empty"", ""kl"": 0.2954854988644839, ""predicted_class_index"": 0, ""predicted_class_name"": ""empty"", ""x"": 27, ""y"": 25}, {""ground_truth_class_index"": 4, ""ground_truth_class_name"": ""forest"", ""kl"": 0.2879439954454027, ""predicted_class_index"": 4, ""predicted_class_name"": ""forest"", ""x"": 14, ""y"": 22}, {""ground_truth_class_index"": 4, ""ground_truth_class_name"": ""forest"", ""kl"": 0.2819957526850733, ""predicted_class_index"": 4, ""predicted_class_name"": ""forest"", ""x"": 25, ""y"": 16}, {""ground_truth_class_index"": 0, ""ground_truth_class_name"": ""empty"", ""kl"": 0.2772274804437438, ""predicted_class_index"": 0, ""predicted_class_name"": ""empty"", ""x"": 16, ""y"": 24}]",,
8e839974-b13b-407b-a5e7-fc749d877195,4,1,online_interactive,f1_summary_roundlaw_decoder_hrates_r3_v01,2,0,0,coverage,50,0,45,79.34284578930756,0.0771306344218357,0.7189598475648336,0.513574097163743,1.0,"[0.6162396224233855, 0.14380770859397182, 0.01456293830854229, 0.014943631586834809, 0.1836089881885149, 0.026837110898748934]","[0.6734062500000014, 0.08969374999999963, 0.004843749999999997, 0.009343750000000029, 0.20458749999999992, 0.018125]","[-0.05716662757661595, 0.054113958593972195, 0.009719188308542293, 0.00559988158683478, -0.020978511811485023, 0.008712110898748935]",,,,,,,,,"[{""ground_truth_class_index"": 4, ""ground_truth_class_name"": ""forest"", ""kl"": 0.34970975190386483, ""predicted_class_index"": 4, ""predicted_class_name"": ""forest"", ""x"": 2, ""y"": 36}, {""ground_truth_class_index"": 4, ""ground_truth_class_name"": ""forest"", ""kl"": 0.32461016277387034, ""predicted_class_index"": 4, ""predicted_class_name"": ""forest"", ""x"": 25, ""y"": 9}, {""ground_truth_class_index"": 4, ""ground_truth_class_name"": ""forest"", ""kl"": 0.32411640861392943, ""predicted_class_index"": 4, ""predicted_class_name"": ""forest"", ""x"": 11, ""y"": 6}, {""ground_truth_class_index"": 4, ""ground_truth_class_name"": ""forest"", ""kl"": 0.29618325514324384, ""predicted_class_index"": 4, ""predicted_class_name"": ""forest"", ""x"": 2, ""y"": 24}, {""ground_truth_class_index"": 4, ""ground_truth_class_name"": ""forest"", ""kl"": 0.28240298196798164, ""predicted_class_index"": 4, ""predicted_class_name"": ""forest"", ""x"": 24, ""y"": 20}, {""ground_truth_class_index"": 4, ""ground_truth_class_name"": ""forest"", ""kl"": 0.2652050775120791, ""predicted_class_index"": 4, ""predicted_class_name"": ""forest"", ""x"": 2, ""y"": 37}, {""ground_truth_class_index"": 4, ""ground_truth_class_name"": ""forest"", ""kl"": 0.2629152634273153, ""predicted_class_index"": 4, ""predicted_class_name"": ""forest"", ""x"": 20, ""y"": 15}, {""ground_truth_class_index"": 4, ""ground_truth_class_name"": ""forest"", ""kl"": 0.2508002683969342, ""predicted_class_index"": 4, ""predicted_class_name"": ""forest"", ""x"": 25, ""y"": 20}, {""ground_truth_class_index"": 0, ""ground_truth_class_name"": ""empty"", ""kl"": 0.2409342183063829, ""predicted_class_index"": 0, ""predicted_class_name"": ""empty"", ""x"": 25, ""y"": 21}, {""ground_truth_class_index"": 4, ""ground_truth_class_name"": ""forest"", ""kl"": 0.24063161338440966, ""predicted_class_index"": 4, ""predicted_class_name"": ""forest"", ""x"": 2, ""y"": 35}]",,
8e839974-b13b-407b-a5e7-fc749d877195,4,2,online_interactive,f1_summary_roundlaw_decoder_hrates_r3_v01,2,0,0,coverage,50,0,45,80.7543053495079,0.07125296942828588,0.6293775139207888,0.432343771439782,1.0,"[0.6474766281415536, 0.11157711852913882, 0.01600436119283939, 0.012863526442249003, 0.17348059424662504, 0.03859777144759491]","[0.687456250000001, 0.07490937500000003, 0.005768749999999998, 0.00753124999999999, 0.19370937499999952, 0.030625]","[-0.03997962185844739, 0.03666774352913879, 0.01023561119283939, 0.005332276442249013, -0.020228780753374476, 0.007972771447594909]",,,,,,,,,"[{""ground_truth_class_index"": 4, ""ground_truth_class_name"": ""forest"", ""kl"": 0.38729702806718547, ""predicted_class_index"": 4, ""predicted_class_name"": ""forest"", ""x"": 37, ""y"": 6}, {""ground_truth_class_index"": 4, ""ground_truth_class_name"": ""forest"", ""kl"": 0.3858447618536954, ""predicted_class_index"": 4, ""predicted_class_name"": ""forest"", ""x"": 9, ""y"": 37}, {""ground_truth_class_index"": 4, ""ground_truth_class_name"": ""forest"", ""kl"": 0.3713200529081545, ""predicted_class_index"": 4, ""predicted_class_name"": ""forest"", ""x"": 35, ""y"": 9}, {""ground_truth_class_index"": 4, ""ground_truth_class_name"": ""forest"", ""kl"": 0.3706369138964254, ""predicted_class_index"": 4, ""predicted_class_name"": ""forest"", ""x"": 18, ""y"": 29}, {""ground_truth_class_index"": 4, ""ground_truth_class_name"": ""forest"", ""kl"": 0.33706256037976934, ""predicted_class_index"": 4, ""predicted_class_name"": ""forest"", ""x"": 37, ""y"": 8}, {""ground_truth_class_index"": 4, ""ground_truth_class_name"": ""forest"", ""kl"": 0.31117469146643517, ""predicted_class_index"": 4, ""predicted_class_name"": ""forest"", ""x"": 2, ""y"": 19}, {""ground_truth_class_index"": 4, ""ground_truth_class_name"": ""forest"", ""kl"": 0.30579693620892157, ""predicted_class_index"": 4, ""predicted_class_name"": ""forest"", ""x"": 10, ""y"": 36}, {""ground_truth_class_index"": 0, ""ground_truth_class_name"": ""empty"", ""kl"": 0.30085502852252727, ""predicted_class_index"": 0, ""predicted_class_name"": ""empty"", ""x"": 8, ""y"": 37}, {""ground_truth_class_index"": 0, ""ground_truth_class_name"": ""empty"", ""kl"": 0.3004647147321955, ""predicted_class_index"": 0, ""predicted_class_name"": ""empty"", ""x"": 10, ""y"": 35}, {""ground_truth_class_index"": 0, ""ground_truth_class_name"": ""empty"", ""kl"": 0.29811520485129595, ""predicted_class_index"": 0, ""predicted_class_name"": ""empty"", ""x"": 8, ""y"": 36}]",,
8e839974-b13b-407b-a5e7-fc749d877195,4,3,online_interactive,f1_summary_roundlaw_decoder_hrates_r3_v01,2,0,0,coverage,50,0,45,80.88503122636428,0.07071380238257677,0.6337780457286365,0.4249757650273672,0.998125,"[0.6429629673980115, 0.1117191845976424, 0.016620069737565957, 0.013302861328553699, 0.1773851450925377, 0.03800977184568941]","[0.685390625000001, 0.07398437500000016, 0.00601875, 0.007540625000000002, 0.19706562499999958, 0.03]","[-0.04242765760198952, 0.037734809597642235, 0.010601319737565958, 0.005762236328553697, -0.019680479907461884, 0.008009771845689413]",,,,,,,,,"[{""ground_truth_class_index"": 0, ""ground_truth_class_name"": ""empty"", ""kl"": 0.3794681371998167, ""predicted_class_index"": 0, ""predicted_class_name"": ""empty"", ""x"": 5, ""y"": 19}, {""ground_truth_class_index"": 4, ""ground_truth_class_name"": ""forest"", ""kl"": 0.2830664618063989, ""predicted_class_index"": 4, ""predicted_class_name"": ""forest"", ""x"": 9, ""y"": 18}, {""ground_truth_class_index"": 4, ""ground_truth_class_name"": ""forest"", ""kl"": 0.27366472698633715, ""predicted_class_index"": 4, ""predicted_class_name"": ""forest"", ""x"": 1, ""y"": 10}, {""ground_truth_class_index"": 0, ""ground_truth_class_name"": ""empty"", ""kl"": 0.26897516021424306, ""predicted_class_index"": 0, ""predicted_class_name"": ""empty"", ""x"": 5, ""y"": 25}, {""ground_truth_class_index"": 4, ""ground_truth_class_name"": ""forest"", ""kl"": 0.2678269286967796, ""predicted_class_index"": 4, ""predicted_class_name"": ""forest"", ""x"": 20, ""y"": 18}, {""ground_truth_class_index"": 4, ""ground_truth_class_name"": ""forest"", ""kl"": 0.26320515842730796, ""predicted_class_index"": 4, ""predicted_class_name"": ""forest"", ""x"": 20, ""y"": 19}, {""ground_truth_class_index"": 4, ""ground_truth_class_name"": ""forest"", ""kl"": 0.2610552687420248, ""predicted_class_index"": 4, ""predicted_class_name"": ""forest"", ""x"": 26, ""y"": 31}, {""ground_truth_class_index"": 0, ""ground_truth_class_name"": ""empty"", ""kl"": 0.2544134053588035, ""predicted_class_index"": 0, ""predicted_class_name"": ""empty"", ""x"": 32, ""y"": 12}, {""ground_truth_class_index"": 4, ""ground_truth_class_name"": ""forest"", ""kl"": 0.2503205143391272, ""predicted_class_index"": 4, ""predicted_class_name"": ""forest"", ""x"": 23, ""y"": 15}, {""ground_truth_class_index"": 0, ""ground_truth_class_name"": ""empty"", ""kl"": 0.24639479787474838, ""predicted_class_index"": 0, ""predicted_class_name"": ""empty"", ""x"": 2, ""y"": 21}]",,
8e839974-b13b-407b-a5e7-fc749d877195,4,4,online_interactive,f1_summary_roundlaw_decoder_hrates_r3_v01,2,0,0,coverage,50,0,45,79.16751429210416,0.07786804813039722,0.7240583039632702,0.5040508834761092,1.0,"[0.6137088848714497, 0.1423629944616448, 0.016632366592919074, 0.014479278070531707, 0.19069447447063298, 0.022122001532824235]","[0.6703656250000016, 0.08683124999999986, 0.005584374999999996, 0.008965625000000055, 0.21512812499999978, 0.013125]","[-0.05665674012855193, 0.05553174446164494, 0.011047991592919078, 0.005513653070531652, -0.0244336505293668, 0.008997001532824235]",,,,,,,,,"[{""ground_truth_class_index"": 4, ""ground_truth_class_name"": ""forest"", ""kl"": 0.38415550756826977, ""predicted_class_index"": 4, ""predicted_class_name"": ""forest"", ""x"": 38, ""y"": 17}, {""ground_truth_class_index"": 4, ""ground_truth_class_name"": ""forest"", ""kl"": 0.29309076083098334, ""predicted_class_index"": 4, ""predicted_class_name"": ""forest"", ""x"": 18, ""y"": 4}, {""ground_truth_class_index"": 4, ""ground_truth_class_name"": ""forest"", ""kl"": 0.2855433631820854, ""predicted_class_index"": 4, ""predicted_class_name"": ""forest"", ""x"": 18, ""y"": 37}, {""ground_truth_class_index"": 0, ""ground_truth_class_name"": ""empty"", ""kl"": 0.28360230263234637, ""predicted_class_index"": 0, ""predicted_class_name"": ""empty"", ""x"": 26, ""y"": 21}, {""ground_truth_class_index"": 4, ""ground_truth_class_name"": ""forest"", ""kl"": 0.2628495074644493, ""predicted_class_index"": 4, ""predicted_class_name"": ""forest"", ""x"": 38, ""y"": 9}, {""ground_truth_class_index"": 0, ""ground_truth_class_name"": ""empty"", ""kl"": 0.26161130269839794, ""predicted_class_index"": 0, ""predicted_class_name"": ""empty"", ""x"": 6, ""y"": 11}, {""ground_truth_class_index"": 0, ""ground_truth_class_name"": ""empty"", ""kl"": 0.25915377860212646, ""predicted_class_index"": 0, ""predicted_class_name"": ""empty"", ""x"": 7, ""y"": 31}, {""ground_truth_class_index"": 4, ""ground_truth_class_name"": ""forest"", ""kl"": 0.2579986403988573, ""predicted_class_index"": 4, ""predicted_class_name"": ""forest"", ""x"": 2, ""y"": 7}, {""ground_truth_class_index"": 0, ""ground_truth_class_name"": ""empty"", ""kl"": 0.25052553036509456, ""predicted_class_index"": 0, ""predicted_class_name"": ""empty"", ""x"": 2, ""y"": 6}, {""ground_truth_class_index"": 4, ""ground_truth_class_name"": ""forest"", ""kl"": 0.23528149235504378, ""predicted_class_index"": 4, ""predicted_class_name"": ""forest"", ""x"": 12, ""y"": 20}]",,
fd3c92ff-3178-4dc9-8d9b-acf389b3982b,5,0,online_interactive,f1_summary_roundlaw_decoder_hrates_r3_v01,2,0,0,coverage,50,0,45,76.45333797722141,0.08949653077987191,0.8347197802505443,0.4939309593677595,0.975625,"[0.614246133061795, 0.16027472131073733, 0.01811496768246288, 0.014871452711830413, 0.1674033997467587, 0.02508932548641558]","[0.6675906250000003, 0.11830937499999981, 0.00748125, 0.01130312500000001, 0.1790656249999995, 0.01625]","[-0.05334449193820534, 0.04196534631073752, 0.01063371768246288, 0.0035683277118304033, -0.011662225253240815, 0.00883932548641558]",,,,,,,,,"[{""ground_truth_class_index"": 0, ""ground_truth_class_name"": ""empty"", ""kl"": 0.6714717380964178, ""predicted_class_index"": 0, ""predicted_class_name"": ""empty"", ""x"": 9, ""y"": 7}, {""ground_truth_class_index"": 4, ""ground_truth_class_name"": ""forest"", ""kl"": 0.6094719208983198, ""predicted_class_index"": 4, ""predicted_class_name"": ""forest"", ""x"": 16, ""y"": 37}, {""ground_truth_class_index"": 4, ""ground_truth_class_name"": ""forest"", ""kl"": 0.5076959861897157, ""predicted_class_index"": 4, ""predicted_class_name"": ""forest"", ""x"": 20, ""y"": 14}, {""ground_truth_class_index"": 4, ""ground_truth_class_name"": ""forest"", ""kl"": 0.4894578430583903, ""predicted_class_index"": 4, ""predicted_class_name"": ""forest"", ""x"": 31, ""y"": 14}, {""ground_truth_class_index"": 4, ""ground_truth_class_name"": ""forest"", ""kl"": 0.48302510043997965, ""predicted_class_index"": 4, ""predicted_class_name"": ""forest"", ""x"": 23, ""y"": 21}, {""ground_truth_class_index"": 4, ""ground_truth_class_name"": ""forest"", ""kl"": 0.4754585105410509, ""predicted_class_index"": 4, ""predicted_class_name"": ""forest"", ""x"": 29, ""y"": 27}, {""ground_truth_class_index"": 4, ""ground_truth_class_name"": ""forest"", ""kl"": 0.4588764425493117, ""predicted_class_index"": 4, ""predicted_class_name"": ""forest"", ""x"": 19, ""y"": 26}, {""ground_truth_class_index"": 0, ""ground_truth_class_name"": ""empty"", ""kl"": 0.454371842847269, ""predicted_class_index"": 0, ""predicted_class_name"": ""empty"", ""x"": 15, ""y"": 36}, {""ground_truth_class_index"": 4, ""ground_truth_class_name"": ""forest"", ""kl"": 0.4448592290775921, ""predicted_class_index"": 4, ""predicted_class_name"": ""forest"", ""x"": 1, ""y"": 33}, {""ground_truth_class_index"": 4, ""ground_truth_class_name"": ""forest"", ""kl"": 0.42311791472240995, ""predicted_class_index"": 4, ""predicted_class_name"": ""forest"", ""x"": 17, ""y"": 37}]",,
fd3c92ff-3178-4dc9-8d9b-acf389b3982b,5,1,online_interactive,f1_summary_roundlaw_decoder_hrates_r3_v01,2,0,0,coverage,50,0,45,74.20249336835563,0.09945747767740847,0.6773928834293416,0.43123275714827713,0.96875,"[0.6420200909818735, 0.11236433668406935, 0.01568674008452093, 0.010278161717613503, 0.19282265946742685, 0.026828011064497156]","[0.661812500000001, 0.1071593749999999, 0.007534375000000001, 0.009965625000000027, 0.19540312499999954, 0.018125]","[-0.01979240901812751, 0.005204961684069448, 0.008152365084520928, 0.000312536717613476, -0.0025804655325726844, 0.008703011064497158]",,,,,,,,,"[{""ground_truth_class_index"": 2, ""ground_truth_class_name"": ""port"", ""kl"": 0.9452420319578598, ""predicted_class_index"": 4, ""predicted_class_name"": ""forest"", ""x"": 1, ""y"": 36}, {""ground_truth_class_index"": 1, ""ground_truth_class_name"": ""settlement"", ""kl"": 0.5058607470727715, ""predicted_class_index"": 0, ""predicted_class_name"": ""empty"", ""x"": 22, ""y"": 3}, {""ground_truth_class_index"": 1, ""ground_truth_class_name"": ""settlement"", ""kl"": 0.5033142700422758, ""predicted_class_index"": 4, ""predicted_class_name"": ""forest"", ""x"": 22, ""y"": 2}, {""ground_truth_class_index"": 1, ""ground_truth_class_name"": ""settlement"", ""kl"": 0.49525158889656823, ""predicted_class_index"": 4, ""predicted_class_name"": ""forest"", ""x"": 21, ""y"": 2}, {""ground_truth_class_index"": 0, ""ground_truth_class_name"": ""empty"", ""kl"": 0.4513729659559601, ""predicted_class_index"": 0, ""predicted_class_name"": ""empty"", ""x"": 1, ""y"": 37}, {""ground_truth_class_index"": 4, ""ground_truth_class_name"": ""forest"", ""kl"": 0.45033229058745367, ""predicted_class_index"": 4, ""predicted_class_name"": ""forest"", ""x"": 1, ""y"": 35}, {""ground_truth_class_index"": 1, ""ground_truth_class_name"": ""settlement"", ""kl"": 0.42455093070709893, ""predicted_class_index"": 4, ""predicted_class_name"": ""forest"", ""x"": 3, ""y"": 36}, {""ground_truth_class_index"": 1, ""ground_truth_class_name"": ""settlement"", ""kl"": 0.4138503563121142, ""predicted_class_index"": 0, ""predicted_class_name"": ""empty"", ""x"": 2, ""y"": 37}, {""ground_truth_class_index"": 4, ""ground_truth_class_name"": ""forest"", ""kl"": 0.4134972352438202, ""predicted_class_index"": 4, ""predicted_class_name"": ""forest"", ""x"": 14, ""y"": 28}, {""ground_truth_class_index"": 4, ""ground_truth_class_name"": ""forest"", ""kl"": 0.4134972352438202, ""predicted_class_index"": 4, ""predicted_class_name"": ""forest"", ""x"": 5, ""y"": 28}]",,
fd3c92ff-3178-4dc9-8d9b-acf389b3982b,5,2,online_interactive,f1_summary_roundlaw_decoder_hrates_r3_v01,2,0,0,coverage,50,0,45,78.25778848101146,0.08172060940575954,0.7292069802521794,0.5153972522020946,0.980625,"[0.6218724893223393, 0.1259796206058759, 0.016945199805769477, 0.010554225873764249, 0.19721190502477762, 0.027436559367473547]","[0.6434968749999997, 0.11920000000000001, 0.008115625000000005, 0.011940625000000031, 0.19849687499999916, 0.01875]","[-0.02162438567766045, 0.006779620605875877, 0.008829574805769472, -0.0013863991262357822, -0.0012849699752215393, 0.008686559367473548]",,,,,,,,,"[{""ground_truth_class_index"": 4, ""ground_truth_class_name"": ""forest"", ""kl"": 0.7107282912505233, ""predicted_class_index"": 4, ""predicted_class_name"": ""forest"", ""x"": 1, ""y"": 19}, {""ground_truth_class_index"": 0, ""ground_truth_class_name"": ""empty"", ""kl"": 0.5304417493105555, ""predicted_class_index"": 0, ""predicted_class_name"": ""empty"", ""x"": 31, ""y"": 23}, {""ground_truth_class_index"": 1, ""ground_truth_class_name"": ""settlement"", ""kl"": 0.38019731956254177, ""predicted_class_index"": 4, ""predicted_class_name"": ""forest"", ""x"": 3, ""y"": 19}, {""ground_truth_class_index"": 4, ""ground_truth_class_name"": ""forest"", ""kl"": 0.3791077686440661, ""predicted_class_index"": 4, ""predicted_class_name"": ""forest"", ""x"": 32, ""y"": 24}, {""ground_truth_class_index"": 1, ""ground_truth_class_name"": ""settlement"", ""kl"": 0.348529152655772, ""predicted_class_index"": 0, ""predicted_class_name"": ""empty"", ""x"": 2, ""y"": 19}, {""ground_truth_class_index"": 0, ""ground_truth_class_name"": ""empty"", ""kl"": 0.3422119885024177, ""predicted_class_index"": 0, ""predicted_class_name"": ""empty"", ""x"": 1, ""y"": 21}, {""ground_truth_class_index"": 1, ""ground_truth_class_name"": ""settlement"", ""kl"": 0.3373532770715245, ""predicted_class_index"": 4, ""predicted_class_name"": ""forest"", ""x"": 18, ""y"": 18}, {""ground_truth_class_index"": 4, ""ground_truth_class_name"": ""forest"", ""kl"": 0.3373257110493678, ""predicted_class_index"": 4, ""predicted_class_name"": ""forest"", ""x"": 31, ""y"": 22}, {""ground_truth_class_index"": 1, ""ground_truth_class_name"": ""settlement"", ""kl"": 0.33228651272707815, ""predicted_class_index"": 4, ""predicted_class_name"": ""forest"", ""x"": 3, ""y"": 20}, {""ground_truth_class_index"": 1, ""ground_truth_class_name"": ""settlement"", ""kl"": 0.3272019456610064, ""predicted_class_index"": 0, ""predicted_class_name"": ""empty"", ""x"": 10, ""y"": 2}]",,
fd3c92ff-3178-4dc9-8d9b-acf389b3982b,5,3,online_interactive,f1_summary_roundlaw_decoder_hrates_r3_v01,2,0,0,coverage,50,0,45,78.54850897037402,0.08048460112806698,0.6976618979742878,0.4894973509652186,0.98875,"[0.6361864148510454, 0.11571638899656915, 0.016769541993506804, 0.010299210846418584, 0.18653819833353935, 0.03449024497892019]","[0.6542906249999997, 0.10593437499999998, 0.008312499999999999, 0.012365624999999998, 0.19284687499999947, 0.02625]","[-0.018104210148954247, 0.009782013996569167, 0.008457041993506805, -0.002066414153581414, -0.006308676666460122, 0.008240244978920192]",,,,,,,,,"[{""ground_truth_class_index"": 0, ""ground_truth_class_name"": ""empty"", ""kl"": 0.4166963105665651, ""predicted_class_index"": 0, ""predicted_class_name"": ""empty"", ""x"": 28, ""y"": 19}, {""ground_truth_class_index"": 0, ""ground_truth_class_name"": ""empty"", ""kl"": 0.4128719394284751, ""predicted_class_index"": 0, ""predicted_class_name"": ""empty"", ""x"": 8, ""y"": 2}, {""ground_truth_class_index"": 4, ""ground_truth_class_name"": ""forest"", ""kl"": 0.39049786535621667, ""predicted_class_index"": 4, ""predicted_class_name"": ""forest"", ""x"": 17, ""y"": 3}, {""ground_truth_class_index"": 0, ""ground_truth_class_name"": ""empty"", ""kl"": 0.38182718810341554, ""predicted_class_index"": 0, ""predicted_class_name"": ""empty"", ""x"": 26, ""y"": 19}, {""ground_truth_class_index"": 4, ""ground_truth_class_name"": ""forest"", ""kl"": 0.36191364150668837, ""predicted_class_index"": 4, ""predicted_class_name"": ""forest"", ""x"": 16, ""y"": 3}, {""ground_truth_class_index"": 1, ""ground_truth_class_name"": ""settlement"", ""kl"": 0.35008723156497545, ""predicted_class_index"": 0, ""predicted_class_name"": ""empty"", ""x"": 27, ""y"": 18}, {""ground_truth_class_index"": 1, ""ground_truth_class_name"": ""settlement"", ""kl"": 0.34624560482620925, ""predicted_class_index"": 4, ""predicted_class_name"": ""forest"", ""x"": 27, ""y"": 17}, {""ground_truth_class_index"": 4, ""ground_truth_class_name"": ""forest"", ""kl"": 0.3432813874228321, ""predicted_class_index"": 4, ""predicted_class_name"": ""forest"", ""x"": 21, ""y"": 37}, {""ground_truth_class_index"": 0, ""ground_truth_class_name"": ""empty"", ""kl"": 0.33575663577696546, ""predicted_class_index"": 0, ""predicted_class_name"": ""empty"", ""x"": 27, ""y"": 21}, {""ground_truth_class_index"": 1, ""ground_truth_class_name"": ""settlement"", ""kl"": 0.3299287064850178, ""predicted_class_index"": 0, ""predicted_class_name"": ""empty"", ""x"": 26, ""y"": 18}]",,
fd3c92ff-3178-4dc9-8d9b-acf389b3982b,5,4,online_interactive,f1_summary_roundlaw_decoder_hrates_r3_v01,2,0,0,coverage,50,0,45,78.8412474519194,0.07924462708413268,0.718395413393419,0.4788706260641596,0.989375,"[0.6230577624140156, 0.12373620961765792, 0.016319032017252755, 0.010500977980257741, 0.19306026054215764, 0.03332575742865912]","[0.6524093749999996, 0.10528750000000013, 0.007043749999999998, 0.012190625000000024, 0.19806874999999963, 0.025]","[-0.029351612585984066, 0.018448709617657794, 0.009275282017252758, -0.0016896470197422832, -0.005008489457841991, 0.008325757428659118]",,,,,,,,,"[{""ground_truth_class_index"": 0, ""ground_truth_class_name"": ""empty"", ""kl"": 0.48046996156931776, ""predicted_class_index"": 0, ""predicted_class_name"": ""empty"", ""x"": 8, ""y"": 32}, {""ground_truth_class_index"": 4, ""ground_truth_class_name"": ""forest"", ""kl"": 0.3295036008741356, ""predicted_class_index"": 4, ""predicted_class_name"": ""forest"", ""x"": 12, ""y"": 38}, {""ground_truth_class_index"": 0, ""ground_truth_class_name"": ""empty"", ""kl"": 0.31820078364141746, ""predicted_class_index"": 0, ""predicted_class_name"": ""empty"", ""x"": 38, ""y"": 23}, {""ground_truth_class_index"": 4, ""ground_truth_class_name"": ""forest"", ""kl"": 0.3162986175524123, ""predicted_class_index"": 4, ""predicted_class_name"": ""forest"", ""x"": 29, ""y"": 32}, {""ground_truth_class_index"": 4, ""ground_truth_class_name"": ""forest"", ""kl"": 0.3101411402554693, ""predicted_class_index"": 4, ""predicted_class_name"": ""forest"", ""x"": 5, ""y"": 9}, {""ground_truth_class_index"": 1, ""ground_truth_class_name"": ""settlement"", ""kl"": 0.3071990580090348, ""predicted_class_index"": 0, ""predicted_class_name"": ""empty"", ""x"": 22, ""y"": 26}, {""ground_truth_class_index"": 4, ""ground_truth_class_name"": ""forest"", ""kl"": 0.3011035711549943, ""predicted_class_index"": 4, ""predicted_class_name"": ""forest"", ""x"": 17, ""y"": 25}, {""ground_truth_class_index"": 1, ""ground_truth_class_name"": ""settlement"", ""kl"": 0.2954709402641924, ""predicted_class_index"": 0, ""predicted_class_name"": ""empty"", ""x"": 23, ""y"": 25}, {""ground_truth_class_index"": 1, ""ground_truth_class_name"": ""settlement"", ""kl"": 0.2815883195701927, ""predicted_class_index"": 0, ""predicted_class_name"": ""empty"", ""x"": 23, ""y"": 24}, {""ground_truth_class_index"": 0, ""ground_truth_class_name"": ""empty"", ""kl"": 0.27497841470641454, ""predicted_class_index"": 0, ""predicted_class_name"": ""empty"", ""x"": 23, ""y"": 26}]",,
ae78003a-4efe-425a-881a-d16a39bca0ad,6,0,online_interactive,f1_summary_roundlaw_decoder_hrates_r3_v01,2,0,0,coverage,50,0,45,47.17966558425361,0.2504024000388268,0.5802061547996454,0.7894469981680904,0.940625,"[0.6728779271858362, 0.0924323662791311, 0.012471204051031097, 0.01032060539518956, 0.1915782392299565, 0.02031965785885345]","[0.5741874999999997, 0.2129406250000001, 0.01307812500000001, 0.026256249999999984, 0.16228749999999978, 0.01125]","[0.09869042718583643, -0.12050825872086901, -0.0006069209489689125, -0.015935644604810423, 0.02929073922995673, 0.009069657858853452]",,,,,,,,,"[{""ground_truth_class_index"": 1, ""ground_truth_class_name"": ""settlement"", ""kl"": 1.2378383503899388, ""predicted_class_index"": 4, ""predicted_class_name"": ""forest"", ""x"": 36, ""y"": 13}, {""ground_truth_class_index"": 0, ""ground_truth_class_name"": ""empty"", ""kl"": 1.1719992885564772, ""predicted_class_index"": 0, ""predicted_class_name"": ""empty"", ""x"": 36, ""y"": 7}, {""ground_truth_class_index"": 0, ""ground_truth_class_name"": ""empty"", ""kl"": 1.1618390264471985, ""predicted_class_index"": 0, ""predicted_class_name"": ""empty"", ""x"": 36, ""y"": 37}, {""ground_truth_class_index"": 0, ""ground_truth_class_name"": ""empty"", ""kl"": 1.1294620681088512, ""predicted_class_index"": 0, ""predicted_class_name"": ""empty"", ""x"": 35, ""y"": 14}, {""ground_truth_class_index"": 0, ""ground_truth_class_name"": ""empty"", ""kl"": 1.1148842420386178, ""predicted_class_index"": 0, ""predicted_class_name"": ""empty"", ""x"": 35, ""y"": 13}, {""ground_truth_class_index"": 1, ""ground_truth_class_name"": ""settlement"", ""kl"": 1.1131577310297454, ""predicted_class_index"": 4, ""predicted_class_name"": ""forest"", ""x"": 37, ""y"": 13}, {""ground_truth_class_index"": 1, ""ground_truth_class_name"": ""settlement"", ""kl"": 1.0799394418475765, ""predicted_class_index"": 4, ""predicted_class_name"": ""forest"", ""x"": 37, ""y"": 9}, {""ground_truth_class_index"": 0, ""ground_truth_class_name"": ""empty"", ""kl"": 1.048067376575403, ""predicted_class_index"": 0, ""predicted_class_name"": ""empty"", ""x"": 5, ""y"": 4}, {""ground_truth_class_index"": 0, ""ground_truth_class_name"": ""empty"", ""kl"": 1.0247896031508725, ""predicted_class_index"": 0, ""predicted_class_name"": ""empty"", ""x"": 38, ""y"": 13}, {""ground_truth_class_index"": 1, ""ground_truth_class_name"": ""settlement"", ""kl"": 0.9943199217363863, ""predicted_class_index"": 4, ""predicted_class_name"": ""forest"", ""x"": 6, ""y"": 4}]",,
ae78003a-4efe-425a-881a-d16a39bca0ad,6,1,online_interactive,f1_summary_roundlaw_decoder_hrates_r3_v01,2,0,0,coverage,50,0,45,46.33884955046525,0.25639649785532875,0.6150289239867602,0.7860640421408108,0.93,"[0.633350562493546, 0.10401386321895133, 0.012913064385624739, 0.010962008703000774, 0.2037026000201988, 0.03505790117867603]","[0.5473343749999995, 0.21605000000000008, 0.014059375000000011, 0.027843750000000028, 0.16783749999999986, 0.026875]","[0.08601618749354656, -0.11203613678104875, -0.0011463106143752722, -0.016881741296999254, 0.03586510002019894, 0.008182901178676028]",,,,,,,,,"[{""ground_truth_class_index"": 1, ""ground_truth_class_name"": ""settlement"", ""kl"": 1.8826208230682266, ""predicted_class_index"": 4, ""predicted_class_name"": ""forest"", ""x"": 6, ""y"": 4}, {""ground_truth_class_index"": 4, ""ground_truth_class_name"": ""forest"", ""kl"": 1.5309817508556276, ""predicted_class_index"": 4, ""predicted_class_name"": ""forest"", ""x"": 8, ""y"": 1}, {""ground_truth_class_index"": 1, ""ground_truth_class_name"": ""settlement"", ""kl"": 1.519970728194851, ""predicted_class_index"": 4, ""predicted_class_name"": ""forest"", ""x"": 7, ""y"": 4}, {""ground_truth_class_index"": 2, ""ground_truth_class_name"": ""port"", ""kl"": 1.5112966373014767, ""predicted_class_index"": 4, ""predicted_class_name"": ""forest"", ""x"": 7, ""y"": 1}, {""ground_truth_class_index"": 1, ""ground_truth_class_name"": ""settlement"", ""kl"": 1.5061468648216825, ""predicted_class_index"": 4, ""predicted_class_name"": ""forest"", ""x"": 9, ""y"": 2}, {""ground_truth_class_index"": 4, ""ground_truth_class_name"": ""forest"", ""kl"": 1.4856880485804629, ""predicted_class_index"": 4, ""predicted_class_name"": ""forest"", ""x"": 5, ""y"": 5}, {""ground_truth_class_index"": 1, ""ground_truth_class_name"": ""settlement"", ""kl"": 1.4017602518811338, ""predicted_class_index"": 0, ""predicted_class_name"": ""empty"", ""x"": 3, ""y"": 2}, {""ground_truth_class_index"": 0, ""ground_truth_class_name"": ""empty"", ""kl"": 1.345761351012266, ""predicted_class_index"": 0, ""predicted_class_name"": ""empty"", ""x"": 4, ""y"": 1}, {""ground_truth_class_index"": 1, ""ground_truth_class_name"": ""settlement"", ""kl"": 1.2384442210985085, ""predicted_class_index"": 4, ""predicted_class_name"": ""forest"", ""x"": 5, ""y"": 3}, {""ground_truth_class_index"": 1, ""ground_truth_class_name"": ""settlement"", ""kl"": 1.2166043351910214, ""predicted_class_index"": 0, ""predicted_class_name"": ""empty"", ""x"": 2, ""y"": 4}]",,
ae78003a-4efe-425a-881a-d16a39bca0ad,6,2,online_interactive,f1_summary_roundlaw_decoder_hrates_r3_v01,2,0,0,coverage,50,0,45,49.0393936116637,0.23751541987157712,0.6300234152443202,0.8069427190990688,0.93875,"[0.6530326742531003, 0.10318024371886522, 0.014638452958303858, 0.010578283224104628, 0.1905782630676306, 0.027992082777994937]","[0.572378125, 0.20220625000000034, 0.019393749999999998, 0.027478125000000006, 0.1591687500000002, 0.019375]","[0.08065454925310034, -0.09902600628113511, -0.00475529704169614, -0.016899841775895378, 0.0314095130676304, 0.008617082777994937]",,,,,,,,,"[{""ground_truth_class_index"": 2, ""ground_truth_class_name"": ""port"", ""kl"": 2.1283768292682628, ""predicted_class_index"": 4, ""predicted_class_name"": ""forest"", ""x"": 36, ""y"": 20}, {""ground_truth_class_index"": 2, ""ground_truth_class_name"": ""port"", ""kl"": 2.0636972011158705, ""predicted_class_index"": 4, ""predicted_class_name"": ""forest"", ""x"": 37, ""y"": 20}, {""ground_truth_class_index"": 1, ""ground_truth_class_name"": ""settlement"", ""kl"": 1.93810720999431, ""predicted_class_index"": 4, ""predicted_class_name"": ""forest"", ""x"": 37, ""y"": 22}, {""ground_truth_class_index"": 2, ""ground_truth_class_name"": ""port"", ""kl"": 1.8419805224199157, ""predicted_class_index"": 4, ""predicted_class_name"": ""forest"", ""x"": 38, ""y"": 21}, {""ground_truth_class_index"": 0, ""ground_truth_class_name"": ""empty"", ""kl"": 1.6123332647508464, ""predicted_class_index"": 4, ""predicted_class_name"": ""forest"", ""x"": 36, ""y"": 23}, {""ground_truth_class_index"": 1, ""ground_truth_class_name"": ""settlement"", ""kl"": 1.2650671090079426, ""predicted_class_index"": 4, ""predicted_class_name"": ""forest"", ""x"": 36, ""y"": 22}, {""ground_truth_class_index"": 0, ""ground_truth_class_name"": ""empty"", ""kl"": 1.1613013507497008, ""predicted_class_index"": 0, ""predicted_class_name"": ""empty"", ""x"": 3, ""y"": 38}, {""ground_truth_class_index"": 0, ""ground_truth_class_name"": ""empty"", ""kl"": 1.1593148699252895, ""predicted_class_index"": 0, ""predicted_class_name"": ""empty"", ""x"": 38, ""y"": 22}, {""ground_truth_class_index"": 1, ""ground_truth_class_name"": ""settlement"", ""kl"": 1.1550485382610804, ""predicted_class_index"": 0, ""predicted_class_name"": ""empty"", ""x"": 38, ""y"": 20}, {""ground_truth_class_index"": 0, ""ground_truth_class_name"": ""empty"", ""kl"": 1.1282298481633628, ""predicted_class_index"": 0, ""predicted_class_name"": ""empty"", ""x"": 35, ""y"": 18}]",,
ae78003a-4efe-425a-881a-d16a39bca0ad,6,3,online_interactive,f1_summary_roundlaw_decoder_hrates_r3_v01,2,0,0,coverage,50,0,45,48.53834640157264,0.24093868432886464,0.6167569701163675,0.8203566699366247,0.941875,"[0.6287111495567508, 0.10214101328880965, 0.012687433073536935, 0.010457299211321287, 0.21152868474724015, 0.034474420122339616]","[0.5466906249999993, 0.21347187499999973, 0.012496874999999998, 0.028006249999999958, 0.17308437499999954, 0.02625]","[0.08202052455675146, -0.11133086171119008, 0.00019055807353693735, -0.01754895078867867, 0.03844430974724061, 0.008224420122339617]",,,,,,,,,"[{""ground_truth_class_index"": 2, ""ground_truth_class_name"": ""port"", ""kl"": 1.496744100652883, ""predicted_class_index"": 4, ""predicted_class_name"": ""forest"", ""x"": 5, ""y"": 1}, {""ground_truth_class_index"": 1, ""ground_truth_class_name"": ""settlement"", ""kl"": 1.2283629091688755, ""predicted_class_index"": 0, ""predicted_class_name"": ""empty"", ""x"": 2, ""y"": 4}, {""ground_truth_class_index"": 0, ""ground_truth_class_name"": ""empty"", ""kl"": 1.169486251565597, ""predicted_class_index"": 0, ""predicted_class_name"": ""empty"", ""x"": 1, ""y"": 1}, {""ground_truth_class_index"": 0, ""ground_truth_class_name"": ""empty"", ""kl"": 1.164064072152127, ""predicted_class_index"": 0, ""predicted_class_name"": ""empty"", ""x"": 30, ""y"": 37}, {""ground_truth_class_index"": 0, ""ground_truth_class_name"": ""empty"", ""kl"": 1.1178759191351009, ""predicted_class_index"": 0, ""predicted_class_name"": ""empty"", ""x"": 34, ""y"": 5}, {""ground_truth_class_index"": 0, ""ground_truth_class_name"": ""empty"", ""kl"": 1.1037718634792617, ""predicted_class_index"": 0, ""predicted_class_name"": ""empty"", ""x"": 1, ""y"": 4}, {""ground_truth_class_index"": 0, ""ground_truth_class_name"": ""empty"", ""kl"": 1.0752901881422605, ""predicted_class_index"": 0, ""predicted_class_name"": ""empty"", ""x"": 29, ""y"": 38}, {""ground_truth_class_index"": 0, ""ground_truth_class_name"": ""empty"", ""kl"": 1.053228652475984, ""predicted_class_index"": 0, ""predicted_class_name"": ""empty"", ""x"": 2, ""y"": 5}, {""ground_truth_class_index"": 2, ""ground_truth_class_name"": ""port"", ""kl"": 1.0365284035024431, ""predicted_class_index"": 4, ""predicted_class_name"": ""forest"", ""x"": 4, ""y"": 1}, {""ground_truth_class_index"": 0, ""ground_truth_class_name"": ""empty"", ""kl"": 1.0182644068211577, ""predicted_class_index"": 0, ""predicted_class_name"": ""empty"", ""x"": 32, ""y"": 4}]",,
ae78003a-4efe-425a-881a-d16a39bca0ad,6,4,online_interactive,f1_summary_roundlaw_decoder_hrates_r3_v01,2,0,0,coverage,50,0,45,42.86109569383129,0.2824018772614429,0.6042929336932431,0.838349515530724,0.925625,"[0.6633376539241431, 0.09945579132310746, 0.012701097022823344, 0.010489380736119562, 0.18072842008937695, 0.03328765690442579]","[0.5457500000000002, 0.23408749999999984, 0.013725000000000005, 0.030178124999999948, 0.15125937499999992, 0.025]","[0.11758765392414294, -0.1346317086768924, -0.001023902977176661, -0.019688744263880384, 0.029469045089377033, 0.008287656904425789]",,,,,,,,,"[{""ground_truth_class_index"": 0, ""ground_truth_class_name"": ""empty"", ""kl"": 1.3951606040752589, ""predicted_class_index"": 0, ""predicted_class_name"": ""empty"", ""x"": 2, ""y"": 2}, {""ground_truth_class_index"": 0, ""ground_truth_class_name"": ""empty"", ""kl"": 1.3664151738905344, ""predicted_class_index"": 0, ""predicted_class_name"": ""empty"", ""x"": 36, ""y"": 35}, {""ground_truth_class_index"": 0, ""ground_truth_class_name"": ""empty"", ""kl"": 1.3584595035069589, ""predicted_class_index"": 0, ""predicted_class_name"": ""empty"", ""x"": 13, ""y"": 16}, {""ground_truth_class_index"": 0, ""ground_truth_class_name"": ""empty"", ""kl"": 1.2475209417058417, ""predicted_class_index"": 0, ""predicted_class_name"": ""empty"", ""x"": 1, ""y"": 3}, {""ground_truth_class_index"": 0, ""ground_truth_class_name"": ""empty"", ""kl"": 1.1935376553878758, ""predicted_class_index"": 0, ""predicted_class_name"": ""empty"", ""x"": 17, ""y"": 16}, {""ground_truth_class_index"": 0, ""ground_truth_class_name"": ""empty"", ""kl"": 1.1122219770592139, ""predicted_class_index"": 0, ""predicted_class_name"": ""empty"", ""x"": 23, ""y"": 34}, {""ground_truth_class_index"": 1, ""ground_truth_class_name"": ""settlement"", ""kl"": 1.0299792327822908, ""predicted_class_index"": 0, ""predicted_class_name"": ""empty"", ""x"": 13, ""y"": 15}, {""ground_truth_class_index"": 0, ""ground_truth_class_name"": ""empty"", ""kl"": 1.0140905413876404, ""predicted_class_index"": 0, ""predicted_class_name"": ""empty"", ""x"": 37, ""y"": 36}, {""ground_truth_class_index"": 0, ""ground_truth_class_name"": ""empty"", ""kl"": 1.005101476806257, ""predicted_class_index"": 0, ""predicted_class_name"": ""empty"", ""x"": 36, ""y"": 34}, {""ground_truth_class_index"": 1, ""ground_truth_class_name"": ""settlement"", ""kl"": 1.0020849095762179, ""predicted_class_index"": 0, ""predicted_class_name"": ""empty"", ""x"": 13, ""y"": 14}]",,
