tag	operationCount
ledger/voucher	19
penneo	18
documentArchive	17
order	16
travelExpense	16
asset	14
supplierInvoice	13
project	12
timesheet/allocated	11
bank/reconciliation	10
bank/reconciliation/match	10
project/hourlyRates	10
purchaseOrder	10
purchaseOrder/deviation	10
purchaseOrder/goodsReceipt	10
timesheet/entry	10
invoice	9
product	9
product/group	9
department	8
employee/category	8
event/subscription	8
inventory/location	8
ledger/account	8
order/orderline	8
product/supplierProduct	8
product/unit	8
project/hourlyRates/projectSpecificRates	8
project/orderline	8
purchaseOrder/goodsReceiptLine	8
salary/settings/pensionScheme	8
customer	7
ledger/paymentTypeOut	7
product/inventoryLocation	7
purchaseOrder/orderline	7
supplier	7
timesheet/month	7
travelExpense/costParticipant	7
travelExpense/passenger	7
accountingDimensionName	6
contact	6
employee	6
employee/employment/employmentType	6
inventory/stocktaking/productline	6
ledger/accountingDimensionName	6
product/groupRelation	6
project/period	6
project/subcontract	6
project/{id}/period	6
purchaseOrder/purchaseOrderIncomingInvoiceRelation	6
resultbudget	6
salary/settings/holiday	6
salary/transaction	6
timesheet/timeClock	6
travelExpense/cost	6
accountingDimensionValue	5
activity	5
currency	5
division	5
employee/employment/leaveOfAbsence	5
employee/entitlement	5
employee/preferences	5
employee/standardTime	5
incomingInvoice	5
inventory	5
inventory/stocktaking	5
ledger/accountingDimensionValue	5
ledger/voucher/historical	5
order/orderGroup	5
project/participant	5
salary/settings/standardTime	5
timesheet/companyHoliday	5
timesheet/salaryProjectTypeSpecification	5
timesheet/salaryTypeSpecification	5
timesheet/week	5
travelExpense/accommodationAllowance	5
travelExpense/mileageAllowance	5
travelExpense/perDiemCompensation	5
vatTermSizeSettings	5
accountingOffice/reconciliations	4
bank/statement	4
company	4
customer/category	4
employee/employment	4
employee/employment/details	4
employee/hourlyCostAndRate	4
employee/nextOfKin	4
internal	4
ledger/posting	4
ledger/voucher/openingBalance	4
project/category	4
project/projectActivity	4
researchAndDevelopment2024	4
salary/taxDeduction/reconciliation	4
token/session	4
yearEnd	4
balance/reconciliation	3
bank/reconciliation/settings	3
bank/statement/transaction	3
deliveryAddress	3
financeTax/reconciliation	3
ledger/vatType	3
reminder	3
salary/holidayAllowance/reconciliation	3
salary/mandatoryDeduction/reconciliation	3
salary/payrollTax/reconciliation	3
salary/payslip	3
subscription	3
travelExpense/drivingStop	3
voucherStatus	3
accountantDashboard/news	2
attestation	2
bank	2
bank/reconciliation/matches/counter	2
bank/reconciliation/paymentType	2
company/altinn	2
company/salesmodules	2
company/settings/altinn	2
country	2
crm/prospect	2
debtCollector/internal	2
discountPolicy	2
document	2
employee/employment/occupationCode	2
event	2
internal/debtCollector	2
invoice/details	2
invoice/paymentType	2
ledger	2
ledger/accountingPeriod	2
ledger/annualAccount	2
ledger/closeGroup	2
ledger/vatSettings	2
ledger/voucherType	2
municipality	2
pickupPoint	2
product/discountGroup	2
product/external	2
product/logisticsSettings	2
product/unit/master	2
project/batchPeriod	2
project/controlForm	2
project/controlFormType	2
project/settings	2
saft	2
salary/compilation	2
salary/settings	2
salary/type	2
supportDashboard	2
transportType	2
travelExpense/costCategory	2
travelExpense/paymentType	2
travelExpense/rate	2
travelExpense/rateCategory	2
travelExpense/rateCategoryGroup	2
travelExpense/zone	2
vatReturns/comment	2
voucherInbox	2
voucherMessage	2
accountingOffice/reconciliations/{reconciliationId}/control	1
accountingOffice/reconciliations/{reconciliationId}/control/:controlReconciliation	1
accountingOffice/reconciliations/{reconciliationId}/control/:reconcile	1
accountingOffice/reconciliations/{reconciliationId}/control/:requestControl	1
attestation_company_modules	1
balanceSheet	1
employee/employment/leaveOfAbsenceType	1
employee/employment/remunerationType	1
employee/employment/workingHoursScheme	1
internal/nhoAdmin	1
inventory/inventories	1
invoiceRemark	1
ledger/postingByDate	1
ledger/postingRules	1
pension	1
product/productPrice	1
project/dynamicControlForm	1
project/import	1
project/resourcePlanBudget	1
project/resourceplan	1
project/task	1
project/template	1
salary/reconciliation/tax-deduction	1
supplierCustomer	1
timesheet/settings	1
token/consumer	1
token/employee	1
travelExpense/settings	1
userLicense	1
voucherApprovalListElement	1
yearEnd/enumType	1
