issue_type,priority,image_id,image_path,label_path,label_line_index,label_line,gt_class_id,gt_class_name,pred_class_id,pred_class_name,pred_score,iou,gt_bbox_xyxy,pred_bbox_xyxy,suggested_action
class_confusion,0.921556,296,/cluster/home/oskarjor/ainm/tasks/norgesgruppen-data/data/yolo/val/images/img_00296.jpg,/cluster/home/oskarjor/ainm/tasks/norgesgruppen-data/data/yolo/val/labels/img_00296.txt,118,21 0.153150 0.286045 0.043403 0.082011,21,KNEKKEBRØD RUNDA SESAM&HAVSALT 290G WASA,39,KNEKKEBRØD RUNDA KANEL 330G WASA,0.889948,0.968968,"[530.0, 741.0, 705.0, 989.0]","[530.4, 739.1, 706.9, 986.3]",Verify GT class vs sibling class; fix inconsistent SKU labeling first.
class_confusion,0.911446,302,/cluster/home/oskarjor/ainm/tasks/norgesgruppen-data/data/yolo/val/images/img_00302.jpg,/cluster/home/oskarjor/ainm/tasks/norgesgruppen-data/data/yolo/val/labels/img_00302.txt,108,21 0.649430 0.572421 0.030506 0.064153,21,KNEKKEBRØD RUNDA SESAM&HAVSALT 290G WASA,39,KNEKKEBRØD RUNDA KANEL 330G WASA,0.916479,0.903897,"[2557.0, 1634.0, 2680.0, 1828.0]","[2559.8, 1634.6, 2673.2, 1824.8]",Verify GT class vs sibling class; fix inconsistent SKU labeling first.
class_confusion,0.888862,195,/cluster/home/oskarjor/ainm/tasks/norgesgruppen-data/data/yolo/val/images/img_00195.jpg,/cluster/home/oskarjor/ainm/tasks/norgesgruppen-data/data/yolo/val/labels/img_00195.txt,0,261 0.085518 0.322864 0.081149 0.103015,261,MÜSLI HASSELNØTT 600G AXA,260,MUSLI ENERGI 675G AXA,0.835625,0.968718,"[36.0, 216.0, 101.0, 298.0]","[36.6, 216.0, 100.9, 296.3]",Verify GT class vs sibling class; fix inconsistent SKU labeling first.
class_confusion,0.883869,26,/cluster/home/oskarjor/ainm/tasks/norgesgruppen-data/data/yolo/val/images/img_00026.jpeg,/cluster/home/oskarjor/ainm/tasks/norgesgruppen-data/data/yolo/val/labels/img_00026.txt,20,49 0.702515 0.527885 0.104076 0.137821,49,EVERGOOD DARK ROAST FILTERMALT 250G,347,EVERGOOD DARK ROAST PRESSMALT 250G,0.904077,0.853557,"[750.0, 716.0, 870.0, 931.0]","[763.1, 721.1, 868.4, 931.9]",Verify GT class vs sibling class; fix inconsistent SKU labeling first.
class_confusion,0.87369,251,/cluster/home/oskarjor/ainm/tasks/norgesgruppen-data/data/yolo/val/images/img_00251.jpg,/cluster/home/oskarjor/ainm/tasks/norgesgruppen-data/data/yolo/val/labels/img_00251.txt,73,355 0.503375 0.078333 0.062250 0.079333,355,unknown_product,150,Sætre GullBar,0.841007,0.922714,"[1889.0, 116.0, 2138.0, 354.0]","[1878.6, 117.8, 2145.6, 353.1]",Verify GT class vs sibling class; fix inconsistent SKU labeling first.
class_confusion,0.863405,317,/cluster/home/oskarjor/ainm/tasks/norgesgruppen-data/data/yolo/val/images/img_00317.jpg,/cluster/home/oskarjor/ainm/tasks/norgesgruppen-data/data/yolo/val/labels/img_00317.txt,67,355 0.656250 0.868552 0.042659 0.056548,355,unknown_product,150,Sætre GullBar,0.876001,0.844512,"[2560.0, 2541.0, 2732.0, 2712.0]","[2553.5, 2546.5, 2723.8, 2703.4]",Verify GT class vs sibling class; fix inconsistent SKU labeling first.
class_confusion,0.861791,12,/cluster/home/oskarjor/ainm/tasks/norgesgruppen-data/data/yolo/val/images/img_00012.jpg,/cluster/home/oskarjor/ainm/tasks/norgesgruppen-data/data/yolo/val/labels/img_00012.txt,39,259 0.755625 0.631333 0.040250 0.066667,259,REGIA KAKAO ORIGINAL 260G,56,SJOKOLADEDRIKK 10PK 320G REGIA,0.831251,0.9076,"[2942.0, 1794.0, 3103.0, 1994.0]","[2949.9, 1793.5, 3101.6, 1987.1]",Verify GT class vs sibling class; fix inconsistent SKU labeling first.
class_confusion,0.847355,178,/cluster/home/oskarjor/ainm/tasks/norgesgruppen-data/data/yolo/val/images/img_00178.jpg,/cluster/home/oskarjor/ainm/tasks/norgesgruppen-data/data/yolo/val/labels/img_00178.txt,45,261 0.873305 0.458362 0.083898 0.082582,261,MÜSLI HASSELNØTT 600G AXA,260,MUSLI ENERGI 675G AXA,0.810284,0.902961,"[981.0, 601.0, 1080.0, 720.0]","[986.7, 598.8, 1078.0, 719.5]",Verify GT class vs sibling class; fix inconsistent SKU labeling first.
class_confusion,0.828644,13,/cluster/home/oskarjor/ainm/tasks/norgesgruppen-data/data/yolo/val/images/img_00013.jpg,/cluster/home/oskarjor/ainm/tasks/norgesgruppen-data/data/yolo/val/labels/img_00013.txt,54,189 0.524625 0.640333 0.048250 0.037333,189,YELLOW LABEL TEA 25POS LIPTON,27,YELLOW LABEL TEA 50POS LIPTON,0.765995,0.922617,"[2002.0, 1865.0, 2195.0, 1977.0]","[1998.7, 1866.6, 2204.9, 1977.1]",Verify GT class vs sibling class; fix inconsistent SKU labeling first.
class_confusion,0.825383,183,/cluster/home/oskarjor/ainm/tasks/norgesgruppen-data/data/yolo/val/images/img_00183.jpeg,/cluster/home/oskarjor/ainm/tasks/norgesgruppen-data/data/yolo/val/labels/img_00183.txt,40,61 0.038938 0.221065 0.077877 0.106151,61,MUSLI BLÅBÆR 630G AXA,315,4-KORN 675G AXA,0.75987,0.923653,"[-0.0, 508.0, 314.0, 829.0]","[0.1, 496.4, 314.1, 815.4]",Verify GT class vs sibling class; fix inconsistent SKU labeling first.
class_confusion,0.824291,317,/cluster/home/oskarjor/ainm/tasks/norgesgruppen-data/data/yolo/val/images/img_00317.jpg,/cluster/home/oskarjor/ainm/tasks/norgesgruppen-data/data/yolo/val/labels/img_00317.txt,69,355 0.698041 0.876488 0.047371 0.061839,355,unknown_product,150,Sætre GullBar,0.798493,0.862988,"[2719.0, 2557.0, 2910.0, 2744.0]","[2719.6, 2576.9, 2909.4, 2739.3]",Verify GT class vs sibling class; fix inconsistent SKU labeling first.
class_confusion,0.820296,317,/cluster/home/oskarjor/ainm/tasks/norgesgruppen-data/data/yolo/val/images/img_00317.jpg,/cluster/home/oskarjor/ainm/tasks/norgesgruppen-data/data/yolo/val/labels/img_00317.txt,66,355 0.656250 0.813823 0.042659 0.065476,355,unknown_product,150,Sætre GullBar,0.809122,0.837057,"[2560.0, 2362.0, 2732.0, 2560.0]","[2557.4, 2384.1, 2734.2, 2553.8]",Verify GT class vs sibling class; fix inconsistent SKU labeling first.
class_confusion,0.816224,36,/cluster/home/oskarjor/ainm/tasks/norgesgruppen-data/data/yolo/val/images/img_00036.jpg,/cluster/home/oskarjor/ainm/tasks/norgesgruppen-data/data/yolo/val/labels/img_00036.txt,92,100 0.249132 0.673115 0.050347 0.096892,100,EVERGOOD CLASSIC FILTERMALT 250G,304,EVERGOOD CLASSIC KOKMALT 250G,0.824108,0.804398,"[903.0, 1889.0, 1106.0, 2182.0]","[904.4, 1912.7, 1084.2, 2178.8]",Verify GT class vs sibling class; fix inconsistent SKU labeling first.
class_confusion,0.811929,272,/cluster/home/oskarjor/ainm/tasks/norgesgruppen-data/data/yolo/val/images/img_00272.jpg,/cluster/home/oskarjor/ainm/tasks/norgesgruppen-data/data/yolo/val/labels/img_00272.txt,50,21 0.799000 0.629167 0.041500 0.097000,21,KNEKKEBRØD RUNDA SESAM&HAVSALT 290G WASA,39,KNEKKEBRØD RUNDA KANEL 330G WASA,0.773094,0.870181,"[3113.0, 1742.0, 3279.0, 2033.0]","[3108.0, 1767.3, 3282.5, 2033.7]",Verify GT class vs sibling class; fix inconsistent SKU labeling first.
class_confusion,0.810518,36,/cluster/home/oskarjor/ainm/tasks/norgesgruppen-data/data/yolo/val/images/img_00036.jpg,/cluster/home/oskarjor/ainm/tasks/norgesgruppen-data/data/yolo/val/labels/img_00036.txt,90,100 0.153646 0.676587 0.053819 0.087963,100,EVERGOOD CLASSIC FILTERMALT 250G,304,EVERGOOD CLASSIC KOKMALT 250G,0.792114,0.838123,"[511.0, 1913.0, 728.0, 2179.0]","[509.4, 1918.5, 700.0, 2176.3]",Verify GT class vs sibling class; fix inconsistent SKU labeling first.
class_confusion,0.808592,64,/cluster/home/oskarjor/ainm/tasks/norgesgruppen-data/data/yolo/val/images/img_00064.jpg,/cluster/home/oskarjor/ainm/tasks/norgesgruppen-data/data/yolo/val/labels/img_00064.txt,108,160 0.108333 0.861719 0.026389 0.053646,160,ALI ORIGINAL KOKMALT 250G,171,ALI ORIGINAL FILTERMALT 250G,0.789679,0.836962,"[137.0, 1603.0, 175.0, 1706.0]","[137.8, 1602.6, 180.6, 1704.2]",Verify GT class vs sibling class; fix inconsistent SKU labeling first.
class_confusion,0.799409,34,/cluster/home/oskarjor/ainm/tasks/norgesgruppen-data/data/yolo/val/images/img_00034.jpg,/cluster/home/oskarjor/ainm/tasks/norgesgruppen-data/data/yolo/val/labels/img_00034.txt,95,160 0.188120 0.832176 0.040923 0.114749,160,ALI ORIGINAL KOKMALT 250G,171,ALI ORIGINAL FILTERMALT 250G,0.718289,0.921089,"[676.0, 2343.0, 841.0, 2690.0]","[669.3, 2354.8, 841.5, 2687.8]",Verify GT class vs sibling class; fix inconsistent SKU labeling first.
class_confusion,0.788215,34,/cluster/home/oskarjor/ainm/tasks/norgesgruppen-data/data/yolo/val/images/img_00034.jpg,/cluster/home/oskarjor/ainm/tasks/norgesgruppen-data/data/yolo/val/labels/img_00034.txt,92,100 0.374876 0.687335 0.051339 0.110780,100,EVERGOOD CLASSIC FILTERMALT 250G,304,EVERGOOD CLASSIC KOKMALT 250G,0.675526,0.957249,"[1408.0, 1911.0, 1615.0, 2246.0]","[1405.2, 1910.5, 1617.7, 2251.4]",Verify GT class vs sibling class; fix inconsistent SKU labeling first.
class_confusion,0.783743,119,/cluster/home/oskarjor/ainm/tasks/norgesgruppen-data/data/yolo/val/images/img_00119.jpg,/cluster/home/oskarjor/ainm/tasks/norgesgruppen-data/data/yolo/val/labels/img_00119.txt,40,240 0.374250 0.436000 0.042000 0.072000,240,SUPERGRANOLA GLUTENFRI 350G BARE BRA,47,GRANOLA EPLE&KANEL 430G BARE BRA,0.720477,0.878641,"[1413.0, 1200.0, 1581.0, 1416.0]","[1407.0, 1194.4, 1588.3, 1422.2]",Verify GT class vs sibling class; fix inconsistent SKU labeling first.
class_confusion,0.781192,36,/cluster/home/oskarjor/ainm/tasks/norgesgruppen-data/data/yolo/val/images/img_00036.jpg,/cluster/home/oskarjor/ainm/tasks/norgesgruppen-data/data/yolo/val/labels/img_00036.txt,89,100 0.104167 0.673446 0.052083 0.091601,100,EVERGOOD CLASSIC FILTERMALT 250G,304,EVERGOOD CLASSIC KOKMALT 250G,0.716113,0.87881,"[315.0, 1898.0, 525.0, 2175.0]","[319.0, 1908.7, 513.3, 2171.8]",Verify GT class vs sibling class; fix inconsistent SKU labeling first.
class_confusion,0.779835,205,/cluster/home/oskarjor/ainm/tasks/norgesgruppen-data/data/yolo/val/images/img_00205.jpeg,/cluster/home/oskarjor/ainm/tasks/norgesgruppen-data/data/yolo/val/labels/img_00205.txt,15,61 0.865500 0.394000 0.040000 0.078667,61,MUSLI BLÅBÆR 630G AXA,315,4-KORN 675G AXA,0.720484,0.868862,"[1691.0, 532.0, 1771.0, 650.0]","[1683.2, 529.7, 1770.3, 652.4]",Verify GT class vs sibling class; fix inconsistent SKU labeling first.
class_confusion,0.773388,122,/cluster/home/oskarjor/ainm/tasks/norgesgruppen-data/data/yolo/val/images/img_00122.jpg,/cluster/home/oskarjor/ainm/tasks/norgesgruppen-data/data/yolo/val/labels/img_00122.txt,4,240 0.306452 0.246867 0.087097 0.187970,240,SUPERGRANOLA GLUTENFRI 350G BARE BRA,47,GRANOLA EPLE&KANEL 430G BARE BRA,0.723001,0.848969,"[163.0, 61.0, 217.0, 136.0]","[161.4, 61.8, 222.6, 133.6]",Verify GT class vs sibling class; fix inconsistent SKU labeling first.
class_confusion,0.771513,34,/cluster/home/oskarjor/ainm/tasks/norgesgruppen-data/data/yolo/val/images/img_00034.jpg,/cluster/home/oskarjor/ainm/tasks/norgesgruppen-data/data/yolo/val/labels/img_00034.txt,94,100 0.475694 0.686177 0.050595 0.108466,100,EVERGOOD CLASSIC FILTERMALT 250G,304,EVERGOOD CLASSIC KOKMALT 250G,0.671463,0.921587,"[1816.0, 1911.0, 2020.0, 2239.0]","[1815.7, 1895.0, 2026.7, 2239.1]",Verify GT class vs sibling class; fix inconsistent SKU labeling first.
class_confusion,0.76786,186,/cluster/home/oskarjor/ainm/tasks/norgesgruppen-data/data/yolo/val/images/img_00186.jpeg,/cluster/home/oskarjor/ainm/tasks/norgesgruppen-data/data/yolo/val/labels/img_00186.txt,79,186 0.151804 0.607531 0.045876 0.059023,186,SUPERGRØT SKOGSBÆR 57G BARE BRA,268,SUPERGRØT KANEL&PUFFET QUINOA 54G,0.691786,0.881971,"[250.0, 852.0, 339.0, 939.0]","[243.5, 852.4, 341.4, 941.3]",Verify GT class vs sibling class; fix inconsistent SKU labeling first.
class_confusion,0.764423,183,/cluster/home/oskarjor/ainm/tasks/norgesgruppen-data/data/yolo/val/images/img_00183.jpeg,/cluster/home/oskarjor/ainm/tasks/norgesgruppen-data/data/yolo/val/labels/img_00183.txt,38,61 0.170759 0.239583 0.060268 0.088294,61,MUSLI BLÅBÆR 630G AXA,315,4-KORN 675G AXA,0.727136,0.820354,"[567.0, 591.0, 810.0, 858.0]","[554.7, 567.5, 801.2, 849.7]",Verify GT class vs sibling class; fix inconsistent SKU labeling first.
class_confusion,0.761633,34,/cluster/home/oskarjor/ainm/tasks/norgesgruppen-data/data/yolo/val/images/img_00034.jpg,/cluster/home/oskarjor/ainm/tasks/norgesgruppen-data/data/yolo/val/labels/img_00034.txt,93,100 0.424975 0.686508 0.051835 0.109127,100,EVERGOOD CLASSIC FILTERMALT 250G,304,EVERGOOD CLASSIC KOKMALT 250G,0.65546,0.920892,"[1609.0, 1911.0, 1818.0, 2241.0]","[1606.8, 1901.8, 1824.2, 2246.3]",Verify GT class vs sibling class; fix inconsistent SKU labeling first.
class_confusion,0.760024,36,/cluster/home/oskarjor/ainm/tasks/norgesgruppen-data/data/yolo/val/images/img_00036.jpg,/cluster/home/oskarjor/ainm/tasks/norgesgruppen-data/data/yolo/val/labels/img_00036.txt,68,141 0.068700 0.311839 0.054067 0.105820,141,EVERGOOD CLASSIC PRESSMALT 250G,304,EVERGOOD CLASSIC KOKMALT 250G,0.620155,0.969827,"[168.0, 783.0, 386.0, 1103.0]","[165.7, 781.4, 384.3, 1105.4]",Verify GT class vs sibling class; fix inconsistent SKU labeling first.
class_confusion,0.756602,272,/cluster/home/oskarjor/ainm/tasks/norgesgruppen-data/data/yolo/val/images/img_00272.jpg,/cluster/home/oskarjor/ainm/tasks/norgesgruppen-data/data/yolo/val/labels/img_00272.txt,51,21 0.839750 0.631167 0.050000 0.093667,21,KNEKKEBRØD RUNDA SESAM&HAVSALT 290G WASA,39,KNEKKEBRØD RUNDA KANEL 330G WASA,0.66341,0.89639,"[3259.0, 1753.0, 3459.0, 2034.0]","[3260.1, 1776.3, 3456.2, 2034.9]",Verify GT class vs sibling class; fix inconsistent SKU labeling first.
class_confusion,0.755099,122,/cluster/home/oskarjor/ainm/tasks/norgesgruppen-data/data/yolo/val/images/img_00122.jpg,/cluster/home/oskarjor/ainm/tasks/norgesgruppen-data/data/yolo/val/labels/img_00122.txt,0,117 0.709677 0.194236 0.087097 0.177945,117,GRANOLA HASSELNØTT&KOKOS 450G BARE BRA,78,MUSLI HAVRE&MANDEL 400G BARE BRA,0.611303,0.970794,"[413.0, 42.0, 467.0, 113.0]","[412.9, 42.6, 467.2, 111.9]",Verify GT class vs sibling class; fix inconsistent SKU labeling first.
class_confusion,0.753287,116,/cluster/home/oskarjor/ainm/tasks/norgesgruppen-data/data/yolo/val/images/img_00116.jpg,/cluster/home/oskarjor/ainm/tasks/norgesgruppen-data/data/yolo/val/labels/img_00116.txt,18,240 0.336833 0.313250 0.063000 0.080500,240,SUPERGRANOLA GLUTENFRI 350G BARE BRA,47,GRANOLA EPLE&KANEL 430G BARE BRA,0.672133,0.875019,"[916.0, 1092.0, 1105.0, 1414.0]","[921.1, 1088.3, 1091.2, 1408.3]",Verify GT class vs sibling class; fix inconsistent SKU labeling first.
class_confusion,0.7488,122,/cluster/home/oskarjor/ainm/tasks/norgesgruppen-data/data/yolo/val/images/img_00122.jpg,/cluster/home/oskarjor/ainm/tasks/norgesgruppen-data/data/yolo/val/labels/img_00122.txt,5,240 0.227419 0.240602 0.087097 0.185464,240,SUPERGRANOLA GLUTENFRI 350G BARE BRA,47,GRANOLA EPLE&KANEL 430G BARE BRA,0.655448,0.888827,"[114.0, 59.0, 168.0, 133.0]","[111.5, 58.8, 171.5, 132.2]",Verify GT class vs sibling class; fix inconsistent SKU labeling first.
class_confusion,0.748596,13,/cluster/home/oskarjor/ainm/tasks/norgesgruppen-data/data/yolo/val/images/img_00013.jpg,/cluster/home/oskarjor/ainm/tasks/norgesgruppen-data/data/yolo/val/labels/img_00013.txt,77,348 0.672500 0.726167 0.039500 0.076333,348,ALI ORIGINAL HELE BØNNER 250G,171,ALI ORIGINAL FILTERMALT 250G,0.665164,0.873744,"[2611.0, 2064.0, 2769.0, 2293.0]","[2614.9, 2067.0, 2785.2, 2292.9]",Verify GT class vs sibling class; fix inconsistent SKU labeling first.
class_confusion,0.744201,34,/cluster/home/oskarjor/ainm/tasks/norgesgruppen-data/data/yolo/val/images/img_00034.jpg,/cluster/home/oskarjor/ainm/tasks/norgesgruppen-data/data/yolo/val/labels/img_00034.txt,82,137 0.649802 0.264220 0.033234 0.061508,137,NESCAFE AZERA ESPRESSO 100G,292,NESCAFE AZERA AMERICANO 100G,0.588391,0.977917,"[2553.0, 706.0, 2687.0, 892.0]","[2553.3, 706.4, 2688.2, 893.7]",Verify GT class vs sibling class; fix inconsistent SKU labeling first.
class_confusion,0.737193,60,/cluster/home/oskarjor/ainm/tasks/norgesgruppen-data/data/yolo/val/images/img_00060.jpg,/cluster/home/oskarjor/ainm/tasks/norgesgruppen-data/data/yolo/val/labels/img_00060.txt,95,189 0.728381 0.628324 0.080562 0.042553,189,YELLOW LABEL TEA 25POS LIPTON,27,YELLOW LABEL TEA 50POS LIPTON,0.599684,0.943457,"[931.0, 913.0, 1040.0, 977.0]","[932.8, 915.4, 1040.2, 977.1]",Verify GT class vs sibling class; fix inconsistent SKU labeling first.
class_confusion,0.733093,119,/cluster/home/oskarjor/ainm/tasks/norgesgruppen-data/data/yolo/val/images/img_00119.jpg,/cluster/home/oskarjor/ainm/tasks/norgesgruppen-data/data/yolo/val/labels/img_00119.txt,38,117 0.295000 0.428333 0.043000 0.072000,117,GRANOLA HASSELNØTT&KOKOS 450G BARE BRA,78,MUSLI HAVRE&MANDEL 400G BARE BRA,0.641129,0.871039,"[1094.0, 1177.0, 1266.0, 1393.0]","[1084.7, 1179.1, 1263.9, 1407.4]",Verify GT class vs sibling class; fix inconsistent SKU labeling first.
class_confusion,0.729428,317,/cluster/home/oskarjor/ainm/tasks/norgesgruppen-data/data/yolo/val/images/img_00317.jpg,/cluster/home/oskarjor/ainm/tasks/norgesgruppen-data/data/yolo/val/labels/img_00317.txt,68,355 0.699033 0.821098 0.049355 0.064815,355,unknown_product,150,Sætre GullBar,0.639013,0.86505,"[2719.0, 2385.0, 2918.0, 2581.0]","[2731.2, 2392.1, 2924.8, 2583.6]",Verify GT class vs sibling class; fix inconsistent SKU labeling first.
class_confusion,0.724505,62,/cluster/home/oskarjor/ainm/tasks/norgesgruppen-data/data/yolo/val/images/img_00062.jpg,/cluster/home/oskarjor/ainm/tasks/norgesgruppen-data/data/yolo/val/labels/img_00062.txt,50,100 0.320370 0.577642 0.055556 0.096748,100,EVERGOOD CLASSIC FILTERMALT 250G,304,EVERGOOD CLASSIC KOKMALT 250G,0.65164,0.833804,"[395.0, 651.0, 470.0, 770.0]","[390.9, 648.4, 474.2, 776.9]",Verify GT class vs sibling class; fix inconsistent SKU labeling first.
class_confusion,0.723991,5,/cluster/home/oskarjor/ainm/tasks/norgesgruppen-data/data/yolo/val/images/img_00005.jpg,/cluster/home/oskarjor/ainm/tasks/norgesgruppen-data/data/yolo/val/labels/img_00005.txt,71,141 0.337922 0.400298 0.042411 0.116733,141,EVERGOOD CLASSIC PRESSMALT 250G,304,EVERGOOD CLASSIC KOKMALT 250G,0.688937,0.776572,"[1277.0, 1034.0, 1448.0, 1387.0]","[1254.4, 1056.3, 1436.6, 1387.7]",Verify GT class vs sibling class; fix inconsistent SKU labeling first.
class_confusion,0.720735,183,/cluster/home/oskarjor/ainm/tasks/norgesgruppen-data/data/yolo/val/images/img_00183.jpeg,/cluster/home/oskarjor/ainm/tasks/norgesgruppen-data/data/yolo/val/labels/img_00183.txt,39,61 0.109127 0.229828 0.075893 0.097222,61,MUSLI BLÅBÆR 630G AXA,315,4-KORN 675G AXA,0.62987,0.857034,"[287.0, 548.0, 593.0, 842.0]","[265.3, 532.9, 597.3, 834.9]",Verify GT class vs sibling class; fix inconsistent SKU labeling first.
class_confusion,0.714058,36,/cluster/home/oskarjor/ainm/tasks/norgesgruppen-data/data/yolo/val/images/img_00036.jpg,/cluster/home/oskarjor/ainm/tasks/norgesgruppen-data/data/yolo/val/labels/img_00036.txt,91,100 0.203125 0.675595 0.053075 0.094577,100,EVERGOOD CLASSIC FILTERMALT 250G,304,EVERGOOD CLASSIC KOKMALT 250G,0.628997,0.841649,"[712.0, 1900.0, 926.0, 2186.0]","[711.0, 1914.9, 905.7, 2182.0]",Verify GT class vs sibling class; fix inconsistent SKU labeling first.
class_confusion,0.711047,26,/cluster/home/oskarjor/ainm/tasks/norgesgruppen-data/data/yolo/val/images/img_00026.jpeg,/cluster/home/oskarjor/ainm/tasks/norgesgruppen-data/data/yolo/val/labels/img_00026.txt,34,141 0.608846 0.669231 0.081526 0.119231,141,EVERGOOD CLASSIC PRESSMALT 250G,304,EVERGOOD CLASSIC KOKMALT 250G,0.569671,0.92311,"[655.0, 951.0, 749.0, 1137.0]","[654.4, 951.7, 745.7, 1143.7]",Verify GT class vs sibling class; fix inconsistent SKU labeling first.
class_confusion,0.702397,119,/cluster/home/oskarjor/ainm/tasks/norgesgruppen-data/data/yolo/val/images/img_00119.jpg,/cluster/home/oskarjor/ainm/tasks/norgesgruppen-data/data/yolo/val/labels/img_00119.txt,39,117 0.332250 0.431333 0.043000 0.074000,117,GRANOLA HASSELNØTT&KOKOS 450G BARE BRA,78,MUSLI HAVRE&MANDEL 400G BARE BRA,0.553921,0.925111,"[1243.0, 1183.0, 1415.0, 1405.0]","[1245.2, 1188.3, 1415.5, 1413.7]",Verify GT class vs sibling class; fix inconsistent SKU labeling first.
class_confusion,0.700774,119,/cluster/home/oskarjor/ainm/tasks/norgesgruppen-data/data/yolo/val/images/img_00119.jpg,/cluster/home/oskarjor/ainm/tasks/norgesgruppen-data/data/yolo/val/labels/img_00119.txt,41,240 0.410375 0.438000 0.044750 0.075333,240,SUPERGRANOLA GLUTENFRI 350G BARE BRA,47,GRANOLA EPLE&KANEL 430G BARE BRA,0.626837,0.81168,"[1552.0, 1201.0, 1731.0, 1427.0]","[1569.4, 1198.7, 1747.7, 1429.0]",Verify GT class vs sibling class; fix inconsistent SKU labeling first.
class_confusion,0.696097,36,/cluster/home/oskarjor/ainm/tasks/norgesgruppen-data/data/yolo/val/images/img_00036.jpg,/cluster/home/oskarjor/ainm/tasks/norgesgruppen-data/data/yolo/val/labels/img_00036.txt,122,160 0.478423 0.688492 0.035218 0.091931,160,ALI ORIGINAL KOKMALT 250G,171,ALI ORIGINAL FILTERMALT 250G,0.554084,0.909116,"[1858.0, 1943.0, 2000.0, 2221.0]","[1859.0, 1958.6, 2002.8, 2217.8]",Verify GT class vs sibling class; fix inconsistent SKU labeling first.
class_confusion,0.691758,116,/cluster/home/oskarjor/ainm/tasks/norgesgruppen-data/data/yolo/val/images/img_00116.jpg,/cluster/home/oskarjor/ainm/tasks/norgesgruppen-data/data/yolo/val/labels/img_00116.txt,19,240 0.298833 0.313125 0.055667 0.079750,240,SUPERGRANOLA GLUTENFRI 350G BARE BRA,47,GRANOLA EPLE&KANEL 430G BARE BRA,0.618294,0.801953,"[813.0, 1093.0, 980.0, 1412.0]","[805.2, 1099.0, 961.0, 1400.4]",Verify GT class vs sibling class; fix inconsistent SKU labeling first.
class_confusion,0.690887,252,/cluster/home/oskarjor/ainm/tasks/norgesgruppen-data/data/yolo/val/images/img_00252.jpg,/cluster/home/oskarjor/ainm/tasks/norgesgruppen-data/data/yolo/val/labels/img_00252.txt,13,345 0.231250 0.376667 0.039500 0.037333,345,KNEKKEBRØD URTER&HAVSALT 220G SIGDAL,92,KNEKKEBRØD GODT FOR DEG 235G SIGDAL,0.69551,0.683952,"[846.0, 1074.0, 1004.0, 1186.0]","[849.2, 1029.4, 1007.5, 1185.1]",Verify GT class vs sibling class; fix inconsistent SKU labeling first.
class_confusion,0.684246,13,/cluster/home/oskarjor/ainm/tasks/norgesgruppen-data/data/yolo/val/images/img_00013.jpg,/cluster/home/oskarjor/ainm/tasks/norgesgruppen-data/data/yolo/val/labels/img_00013.txt,35,325 0.492125 0.284500 0.025750 0.083000,325,NESCAFE GULL 100G,146,NESCAFE GULL 200G NESTLE,0.653831,0.729869,"[1917.0, 729.0, 2020.0, 978.0]","[1911.1, 727.4, 2050.1, 980.2]",Verify GT class vs sibling class; fix inconsistent SKU labeling first.
class_confusion,0.681339,13,/cluster/home/oskarjor/ainm/tasks/norgesgruppen-data/data/yolo/val/images/img_00013.jpg,/cluster/home/oskarjor/ainm/tasks/norgesgruppen-data/data/yolo/val/labels/img_00013.txt,49,259 0.428250 0.578333 0.039000 0.067333,259,REGIA KAKAO ORIGINAL 260G,56,SJOKOLADEDRIKK 10PK 320G REGIA,0.557671,0.866842,"[1635.0, 1634.0, 1791.0, 1836.0]","[1624.9, 1621.1, 1789.0, 1834.7]",Verify GT class vs sibling class; fix inconsistent SKU labeling first.
class_confusion,0.677639,122,/cluster/home/oskarjor/ainm/tasks/norgesgruppen-data/data/yolo/val/images/img_00122.jpg,/cluster/home/oskarjor/ainm/tasks/norgesgruppen-data/data/yolo/val/labels/img_00122.txt,11,97 0.447581 0.790727 0.104839 0.233083,97,CHEERIOS MULTI 375G NESTLE,181,CHEERIOS HAVRE 375G NESTLE,0.594825,0.801861,"[245.0, 269.0, 310.0, 362.0]","[243.4, 279.3, 306.2, 360.2]",Verify GT class vs sibling class; fix inconsistent SKU labeling first.
class_confusion,0.675617,5,/cluster/home/oskarjor/ainm/tasks/norgesgruppen-data/data/yolo/val/images/img_00005.jpg,/cluster/home/oskarjor/ainm/tasks/norgesgruppen-data/data/yolo/val/labels/img_00005.txt,3,325 0.342386 0.115906 0.035466 0.079696,325,NESCAFE GULL 100G,106,NESCAFE GOLD KOFFEINFRI 100G,0.549269,0.865139,"[1309.0, 230.0, 1452.0, 471.0]","[1299.7, 222.7, 1457.4, 475.3]",Verify GT class vs sibling class; fix inconsistent SKU labeling first.
class_confusion,0.658611,60,/cluster/home/oskarjor/ainm/tasks/norgesgruppen-data/data/yolo/val/images/img_00060.jpg,/cluster/home/oskarjor/ainm/tasks/norgesgruppen-data/data/yolo/val/labels/img_00060.txt,96,189 0.732077 0.663896 0.076127 0.032580,189,YELLOW LABEL TEA 25POS LIPTON,27,YELLOW LABEL TEA 50POS LIPTON,0.473118,0.936851,"[939.0, 974.0, 1042.0, 1023.0]","[938.6, 976.6, 1042.1, 1023.3]",Verify GT class vs sibling class; fix inconsistent SKU labeling first.
class_confusion,0.654305,122,/cluster/home/oskarjor/ainm/tasks/norgesgruppen-data/data/yolo/val/images/img_00122.jpg,/cluster/home/oskarjor/ainm/tasks/norgesgruppen-data/data/yolo/val/labels/img_00122.txt,17,261 0.607258 0.409774 0.075806 0.147870,261,MÜSLI HASSELNØTT 600G AXA,260,MUSLI ENERGI 675G AXA,0.456468,0.95106,"[353.0, 134.0, 400.0, 193.0]","[352.3, 132.1, 399.9, 193.1]",Verify GT class vs sibling class; fix inconsistent SKU labeling first.
class_confusion,0.652763,26,/cluster/home/oskarjor/ainm/tasks/norgesgruppen-data/data/yolo/val/images/img_00026.jpeg,/cluster/home/oskarjor/ainm/tasks/norgesgruppen-data/data/yolo/val/labels/img_00026.txt,2,348 0.398959 0.038462 0.109280 0.076923,348,ALI ORIGINAL HELE BØNNER 250G,171,ALI ORIGINAL FILTERMALT 250G,0.456803,0.946702,"[397.0, 0.0, 523.0, 120.0]","[397.1, 0.2, 527.6, 122.0]",Verify GT class vs sibling class; fix inconsistent SKU labeling first.
class_confusion,0.64386,178,/cluster/home/oskarjor/ainm/tasks/norgesgruppen-data/data/yolo/val/images/img_00178.jpg,/cluster/home/oskarjor/ainm/tasks/norgesgruppen-data/data/yolo/val/labels/img_00178.txt,47,186 0.790678 0.572519 0.057627 0.049965,186,SUPERGRØT SKOGSBÆR 57G BARE BRA,268,SUPERGRØT KANEL&PUFFET QUINOA 54G,0.550102,0.784497,"[899.0, 789.0, 967.0, 861.0]","[889.8, 785.5, 966.5, 865.8]",Verify GT class vs sibling class; fix inconsistent SKU labeling first.
class_confusion,0.634314,34,/cluster/home/oskarjor/ainm/tasks/norgesgruppen-data/data/yolo/val/images/img_00034.jpg,/cluster/home/oskarjor/ainm/tasks/norgesgruppen-data/data/yolo/val/labels/img_00034.txt,77,325 0.781994 0.249008 0.029266 0.083995,325,NESCAFE GULL 100G,146,NESCAFE GULL 200G NESTLE,0.477734,0.869183,"[3094.0, 626.0, 3212.0, 880.0]","[3094.3, 618.5, 3224.1, 882.9]",Verify GT class vs sibling class; fix inconsistent SKU labeling first.
class_confusion,0.633473,152,/cluster/home/oskarjor/ainm/tasks/norgesgruppen-data/data/yolo/val/images/img_00152.jpeg,/cluster/home/oskarjor/ainm/tasks/norgesgruppen-data/data/yolo/val/labels/img_00152.txt,14,240 0.767733 0.417328 0.051339 0.096561,240,SUPERGRANOLA GLUTENFRI 350G BARE BRA,47,GRANOLA EPLE&KANEL 430G BARE BRA,0.566257,0.734298,"[2992.0, 1116.0, 3199.0, 1408.0]","[2945.1, 1114.5, 3186.3, 1395.3]",Verify GT class vs sibling class; fix inconsistent SKU labeling first.
class_confusion,0.626288,122,/cluster/home/oskarjor/ainm/tasks/norgesgruppen-data/data/yolo/val/images/img_00122.jpg,/cluster/home/oskarjor/ainm/tasks/norgesgruppen-data/data/yolo/val/labels/img_00122.txt,12,97 0.349194 0.788221 0.104839 0.233083,97,CHEERIOS MULTI 375G NESTLE,181,CHEERIOS HAVRE 375G NESTLE,0.452284,0.887293,"[184.0, 268.0, 249.0, 361.0]","[183.7, 272.4, 247.0, 357.9]",Verify GT class vs sibling class; fix inconsistent SKU labeling first.
class_confusion,0.623752,36,/cluster/home/oskarjor/ainm/tasks/norgesgruppen-data/data/yolo/val/images/img_00036.jpg,/cluster/home/oskarjor/ainm/tasks/norgesgruppen-data/data/yolo/val/labels/img_00036.txt,85,49 0.185144 0.560020 0.045883 0.090939,49,EVERGOOD DARK ROAST FILTERMALT 250G,347,EVERGOOD DARK ROAST PRESSMALT 250G,0.409188,0.945598,"[654.0, 1556.0, 839.0, 1831.0]","[652.9, 1566.5, 841.2, 1831.0]",Verify GT class vs sibling class; fix inconsistent SKU labeling first.
class_confusion,0.617975,34,/cluster/home/oskarjor/ainm/tasks/norgesgruppen-data/data/yolo/val/images/img_00034.jpg,/cluster/home/oskarjor/ainm/tasks/norgesgruppen-data/data/yolo/val/labels/img_00034.txt,72,189 0.788814 0.434358 0.060764 0.038029,189,YELLOW LABEL TEA 25POS LIPTON,27,YELLOW LABEL TEA 50POS LIPTON,0.432823,0.895702,"[3058.0, 1256.0, 3303.0, 1371.0]","[3058.1, 1266.0, 3303.4, 1373.0]",Verify GT class vs sibling class; fix inconsistent SKU labeling first.
class_confusion,0.60311,13,/cluster/home/oskarjor/ainm/tasks/norgesgruppen-data/data/yolo/val/images/img_00013.jpg,/cluster/home/oskarjor/ainm/tasks/norgesgruppen-data/data/yolo/val/labels/img_00013.txt,75,348 0.603750 0.721000 0.031000 0.054667,348,ALI ORIGINAL HELE BØNNER 250G,171,ALI ORIGINAL FILTERMALT 250G,0.46671,0.807709,"[2353.0, 2081.0, 2477.0, 2245.0]","[2351.7, 2057.4, 2475.3, 2235.9]",Verify GT class vs sibling class; fix inconsistent SKU labeling first.
class_confusion,0.595653,168,/cluster/home/oskarjor/ainm/tasks/norgesgruppen-data/data/yolo/val/images/img_00168.jpg,/cluster/home/oskarjor/ainm/tasks/norgesgruppen-data/data/yolo/val/labels/img_00168.txt,25,97 0.823711 0.582862 0.105155 0.111560,97,CHEERIOS MULTI 375G NESTLE,181,CHEERIOS HAVRE 375G NESTLE,0.430566,0.843284,"[374.0, 652.0, 425.0, 790.0]","[376.7, 648.1, 423.1, 783.2]",Verify GT class vs sibling class; fix inconsistent SKU labeling first.
class_confusion,0.594919,64,/cluster/home/oskarjor/ainm/tasks/norgesgruppen-data/data/yolo/val/images/img_00064.jpg,/cluster/home/oskarjor/ainm/tasks/norgesgruppen-data/data/yolo/val/labels/img_00064.txt,79,325 0.284375 0.612500 0.036806 0.046875,325,NESCAFE GULL 100G,146,NESCAFE GULL 200G NESTLE,0.559903,0.647444,"[383.0, 1131.0, 436.0, 1221.0]","[380.5, 1090.7, 435.5, 1219.9]",Verify GT class vs sibling class; fix inconsistent SKU labeling first.
class_confusion,0.591464,183,/cluster/home/oskarjor/ainm/tasks/norgesgruppen-data/data/yolo/val/images/img_00183.jpeg,/cluster/home/oskarjor/ainm/tasks/norgesgruppen-data/data/yolo/val/labels/img_00183.txt,25,261 0.721354 0.302083 0.037946 0.070437,261,MÜSLI HASSELNØTT 600G AXA,260,MUSLI ENERGI 675G AXA,0.43012,0.83348,"[2832.0, 807.0, 2985.0, 1020.0]","[2839.0, 815.5, 2992.7, 1010.1]",Verify GT class vs sibling class; fix inconsistent SKU labeling first.
class_confusion,0.589086,243,/cluster/home/oskarjor/ainm/tasks/norgesgruppen-data/data/yolo/val/images/img_00243.jpg,/cluster/home/oskarjor/ainm/tasks/norgesgruppen-data/data/yolo/val/labels/img_00243.txt,3,117 0.308700 0.248884 0.113208 0.064732,117,GRANOLA HASSELNØTT&KOKOS 450G BARE BRA,78,MUSLI HAVRE&MANDEL 400G BARE BRA,0.445312,0.804746,"[481.0, 873.0, 697.0, 1134.0]","[480.7, 883.0, 671.6, 1149.7]",Verify GT class vs sibling class; fix inconsistent SKU labeling first.
class_confusion,0.585009,152,/cluster/home/oskarjor/ainm/tasks/norgesgruppen-data/data/yolo/val/images/img_00152.jpeg,/cluster/home/oskarjor/ainm/tasks/norgesgruppen-data/data/yolo/val/labels/img_00152.txt,54,186 0.880952 0.607804 0.026786 0.038360,186,SUPERGRØT SKOGSBÆR 57G BARE BRA,268,SUPERGRØT KANEL&PUFFET QUINOA 54G,0.600894,0.56118,"[3498.0, 1780.0, 3606.0, 1896.0]","[3516.6, 1771.5, 3635.5, 1884.3]",Verify GT class vs sibling class; fix inconsistent SKU labeling first.
class_confusion,0.583652,168,/cluster/home/oskarjor/ainm/tasks/norgesgruppen-data/data/yolo/val/images/img_00168.jpg,/cluster/home/oskarjor/ainm/tasks/norgesgruppen-data/data/yolo/val/labels/img_00168.txt,26,97 0.900000 0.565885 0.109278 0.101859,97,CHEERIOS MULTI 375G NESTLE,181,CHEERIOS HAVRE 375G NESTLE,0.446011,0.790113,"[410.0, 637.0, 463.0, 763.0]","[417.8, 632.6, 461.2, 764.2]",Verify GT class vs sibling class; fix inconsistent SKU labeling first.
class_confusion,0.583025,12,/cluster/home/oskarjor/ainm/tasks/norgesgruppen-data/data/yolo/val/images/img_00012.jpg,/cluster/home/oskarjor/ainm/tasks/norgesgruppen-data/data/yolo/val/labels/img_00012.txt,163,49 0.186250 0.423333 0.037000 0.088000,49,EVERGOOD DARK ROAST FILTERMALT 250G,347,EVERGOOD DARK ROAST PRESSMALT 250G,0.420474,0.826851,"[671.0, 1138.0, 819.0, 1402.0]","[649.4, 1140.9, 825.6, 1403.7]",Verify GT class vs sibling class; fix inconsistent SKU labeling first.
class_confusion,0.576763,36,/cluster/home/oskarjor/ainm/tasks/norgesgruppen-data/data/yolo/val/images/img_00036.jpg,/cluster/home/oskarjor/ainm/tasks/norgesgruppen-data/data/yolo/val/labels/img_00036.txt,17,137 0.413070 0.589451 0.041419 0.072421,137,NESCAFE AZERA ESPRESSO 100G,292,NESCAFE AZERA AMERICANO 100G,0.574202,0.580606,"[1582.0, 1673.0, 1749.0, 1892.0]","[1593.3, 1680.6, 1713.0, 1858.0]",Verify GT class vs sibling class; fix inconsistent SKU labeling first.
class_confusion,0.57648,168,/cluster/home/oskarjor/ainm/tasks/norgesgruppen-data/data/yolo/val/images/img_00168.jpg,/cluster/home/oskarjor/ainm/tasks/norgesgruppen-data/data/yolo/val/labels/img_00168.txt,27,97 0.967010 0.547696 0.065979 0.092967,97,CHEERIOS MULTI 375G NESTLE,181,CHEERIOS HAVRE 375G NESTLE,0.357287,0.90527,"[453.0, 620.0, 485.0, 735.0]","[454.0, 622.3, 484.9, 740.4]",Verify GT class vs sibling class; fix inconsistent SKU labeling first.
class_confusion,0.567559,62,/cluster/home/oskarjor/ainm/tasks/norgesgruppen-data/data/yolo/val/images/img_00062.jpg,/cluster/home/oskarjor/ainm/tasks/norgesgruppen-data/data/yolo/val/labels/img_00062.txt,87,189 0.847778 0.434146 0.062963 0.035772,189,YELLOW LABEL TEA 25POS LIPTON,27,YELLOW LABEL TEA 50POS LIPTON,0.339376,0.909833,"[1102.0, 512.0, 1187.0, 556.0]","[1104.6, 511.5, 1190.8, 555.6]",Verify GT class vs sibling class; fix inconsistent SKU labeling first.
class_confusion,0.554687,13,/cluster/home/oskarjor/ainm/tasks/norgesgruppen-data/data/yolo/val/images/img_00013.jpg,/cluster/home/oskarjor/ainm/tasks/norgesgruppen-data/data/yolo/val/labels/img_00013.txt,76,348 0.632250 0.726167 0.035000 0.076333,348,ALI ORIGINAL HELE BØNNER 250G,171,ALI ORIGINAL FILTERMALT 250G,0.32506,0.899127,"[2459.0, 2064.0, 2599.0, 2293.0]","[2462.9, 2058.4, 2604.8, 2289.7]",Verify GT class vs sibling class; fix inconsistent SKU labeling first.
class_confusion,0.554184,116,/cluster/home/oskarjor/ainm/tasks/norgesgruppen-data/data/yolo/val/images/img_00116.jpg,/cluster/home/oskarjor/ainm/tasks/norgesgruppen-data/data/yolo/val/labels/img_00116.txt,66,186 0.822167 0.753625 0.080333 0.054250,186,SUPERGRØT SKOGSBÆR 57G BARE BRA,268,SUPERGRØT KANEL&PUFFET QUINOA 54G,0.489507,0.651199,"[2346.0, 2906.0, 2587.0, 3123.0]","[2339.4, 2921.6, 2541.7, 3157.1]",Verify GT class vs sibling class; fix inconsistent SKU labeling first.
class_confusion,0.551406,36,/cluster/home/oskarjor/ainm/tasks/norgesgruppen-data/data/yolo/val/images/img_00036.jpg,/cluster/home/oskarjor/ainm/tasks/norgesgruppen-data/data/yolo/val/labels/img_00036.txt,18,137 0.385665 0.589451 0.040179 0.071098,137,NESCAFE AZERA ESPRESSO 100G,292,NESCAFE AZERA AMERICANO 100G,0.492004,0.640509,"[1474.0, 1675.0, 1636.0, 1890.0]","[1477.2, 1680.8, 1604.9, 1855.5]",Verify GT class vs sibling class; fix inconsistent SKU labeling first.
class_confusion,0.549952,15,/cluster/home/oskarjor/ainm/tasks/norgesgruppen-data/data/yolo/val/images/img_00015.jpg,/cluster/home/oskarjor/ainm/tasks/norgesgruppen-data/data/yolo/val/labels/img_00015.txt,12,325 0.534557 0.575893 0.040675 0.061839,325,NESCAFE GULL 100G,106,NESCAFE GOLD KOFFEINFRI 100G,0.489943,0.639966,"[1555.0, 1648.0, 1678.0, 1835.0]","[1560.9, 1581.8, 1686.3, 1827.2]",Verify GT class vs sibling class; fix inconsistent SKU labeling first.
class_confusion,0.540414,296,/cluster/home/oskarjor/ainm/tasks/norgesgruppen-data/data/yolo/val/images/img_00296.jpg,/cluster/home/oskarjor/ainm/tasks/norgesgruppen-data/data/yolo/val/labels/img_00296.txt,148,345 0.614955 0.316634 0.019097 0.025463,345,KNEKKEBRØD URTER&HAVSALT 220G SIGDAL,92,KNEKKEBRØD GODT FOR DEG 235G SIGDAL,0.361736,0.808431,"[2441.0, 919.0, 2518.0, 996.0]","[2443.1, 918.8, 2527.1, 1001.8]",Verify GT class vs sibling class; fix inconsistent SKU labeling first.
class_confusion,0.538623,36,/cluster/home/oskarjor/ainm/tasks/norgesgruppen-data/data/yolo/val/images/img_00036.jpg,/cluster/home/oskarjor/ainm/tasks/norgesgruppen-data/data/yolo/val/labels/img_00036.txt,29,160 0.490823 0.876653 0.027282 0.082672,160,ALI ORIGINAL KOKMALT 250G,171,ALI ORIGINAL FILTERMALT 250G,0.486941,0.616147,"[1924.0, 2526.0, 2034.0, 2776.0]","[1911.4, 2534.3, 2008.5, 2755.1]",Verify GT class vs sibling class; fix inconsistent SKU labeling first.
box_near_miss,0.513872,252,/cluster/home/oskarjor/ainm/tasks/norgesgruppen-data/data/yolo/val/images/img_00252.jpg,/cluster/home/oskarjor/ainm/tasks/norgesgruppen-data/data/yolo/val/labels/img_00252.txt,58,143 0.311000 0.478000 0.078000 0.020667,143,KORNMO KNEKKEBRØD HAVRE&SOLSIKKE 200G,143,KORNMO KNEKKEBRØD HAVRE&SOLSIKKE 200G,0.894526,0.425537,"[1088.0, 1403.0, 1400.0, 1465.0]","[1073.5, 1404.4, 1391.4, 1537.3]",Check bbox tightness/extent for occluded or adjacent items.
class_confusion,0.506594,13,/cluster/home/oskarjor/ainm/tasks/norgesgruppen-data/data/yolo/val/images/img_00013.jpg,/cluster/home/oskarjor/ainm/tasks/norgesgruppen-data/data/yolo/val/labels/img_00013.txt,3,178 0.405250 0.287333 0.048000 0.112667,178,NESCAFE GOLD ORGANIC&FAIRTRADE 100G,146,NESCAFE GULL 200G NESTLE,0.395508,0.673223,"[1525.0, 693.0, 1717.0, 1031.0]","[1527.1, 695.6, 1674.7, 991.6]",Verify GT class vs sibling class; fix inconsistent SKU labeling first.
class_confusion,0.504647,296,/cluster/home/oskarjor/ainm/tasks/norgesgruppen-data/data/yolo/val/images/img_00296.jpg,/cluster/home/oskarjor/ainm/tasks/norgesgruppen-data/data/yolo/val/labels/img_00296.txt,147,345 0.598338 0.316468 0.020089 0.025794,345,KNEKKEBRØD URTER&HAVSALT 220G SIGDAL,92,KNEKKEBRØD GODT FOR DEG 235G SIGDAL,0.283778,0.835949,"[2372.0, 918.0, 2453.0, 996.0]","[2374.2, 921.4, 2451.4, 1003.4]",Verify GT class vs sibling class; fix inconsistent SKU labeling first.
class_confusion,0.498211,26,/cluster/home/oskarjor/ainm/tasks/norgesgruppen-data/data/yolo/val/images/img_00026.jpeg,/cluster/home/oskarjor/ainm/tasks/norgesgruppen-data/data/yolo/val/labels/img_00026.txt,3,348 0.500434 0.038462 0.114484 0.076923,348,ALI ORIGINAL HELE BØNNER 250G,171,ALI ORIGINAL FILTERMALT 250G,0.225318,0.907552,"[511.0, 0.0, 643.0, 120.0]","[515.7, 0.2, 648.5, 122.3]",Verify GT class vs sibling class; fix inconsistent SKU labeling first.
box_near_miss,0.494718,75,/cluster/home/oskarjor/ainm/tasks/norgesgruppen-data/data/yolo/val/images/img_00075.jpg,/cluster/home/oskarjor/ainm/tasks/norgesgruppen-data/data/yolo/val/labels/img_00075.txt,48,213 0.689145 0.251759 0.042763 0.047236,213,EGG FRITTGÅENDE M/L 6PK PRIOR,213,EGG FRITTGÅENDE M/L 6PK PRIOR,0.912826,0.458037,"[812.0, 227.0, 864.0, 274.0]","[766.2, 225.9, 860.7, 269.1]",Check bbox tightness/extent for occluded or adjacent items.
class_confusion,0.492486,13,/cluster/home/oskarjor/ainm/tasks/norgesgruppen-data/data/yolo/val/images/img_00013.jpg,/cluster/home/oskarjor/ainm/tasks/norgesgruppen-data/data/yolo/val/labels/img_00013.txt,78,348 0.715875 0.730833 0.041750 0.071000,348,ALI ORIGINAL HELE BØNNER 250G,171,ALI ORIGINAL FILTERMALT 250G,0.260743,0.840099,"[2780.0, 2086.0, 2947.0, 2299.0]","[2775.7, 2064.1, 2955.4, 2298.3]",Verify GT class vs sibling class; fix inconsistent SKU labeling first.
class_confusion,0.488934,13,/cluster/home/oskarjor/ainm/tasks/norgesgruppen-data/data/yolo/val/images/img_00013.jpg,/cluster/home/oskarjor/ainm/tasks/norgesgruppen-data/data/yolo/val/labels/img_00013.txt,87,160 0.672375 0.870500 0.025750 0.081667,160,ALI ORIGINAL KOKMALT 250G,171,ALI ORIGINAL FILTERMALT 250G,0.333524,0.722049,"[2638.0, 2489.0, 2741.0, 2734.0]","[2642.6, 2468.0, 2761.4, 2728.3]",Verify GT class vs sibling class; fix inconsistent SKU labeling first.
class_confusion,0.483439,13,/cluster/home/oskarjor/ainm/tasks/norgesgruppen-data/data/yolo/val/images/img_00013.jpg,/cluster/home/oskarjor/ainm/tasks/norgesgruppen-data/data/yolo/val/labels/img_00013.txt,4,178 0.434000 0.286333 0.039000 0.112667,178,NESCAFE GOLD ORGANIC&FAIRTRADE 100G,146,NESCAFE GULL 200G NESTLE,0.266432,0.808948,"[1658.0, 690.0, 1814.0, 1028.0]","[1660.2, 698.7, 1808.1, 987.1]",Verify GT class vs sibling class; fix inconsistent SKU labeling first.
class_confusion,0.483245,15,/cluster/home/oskarjor/ainm/tasks/norgesgruppen-data/data/yolo/val/images/img_00015.jpg,/cluster/home/oskarjor/ainm/tasks/norgesgruppen-data/data/yolo/val/labels/img_00015.txt,11,325 0.501984 0.575728 0.036376 0.064815,325,NESCAFE GULL 100G,106,NESCAFE GOLD KOFFEINFRI 100G,0.353044,0.678547,"[1463.0, 1643.0, 1573.0, 1839.0]","[1461.4, 1583.3, 1581.5, 1832.0]",Verify GT class vs sibling class; fix inconsistent SKU labeling first.
class_confusion,0.480445,122,/cluster/home/oskarjor/ainm/tasks/norgesgruppen-data/data/yolo/val/images/img_00122.jpg,/cluster/home/oskarjor/ainm/tasks/norgesgruppen-data/data/yolo/val/labels/img_00122.txt,30,186 0.884677 0.611529 0.056452 0.090226,186,SUPERGRØT SKOGSBÆR 57G BARE BRA,268,SUPERGRØT KANEL&PUFFET QUINOA 54G,0.294622,0.759178,"[531.0, 226.0, 566.0, 262.0]","[526.1, 223.9, 567.8, 260.2]",Verify GT class vs sibling class; fix inconsistent SKU labeling first.
class_confusion,0.478196,15,/cluster/home/oskarjor/ainm/tasks/norgesgruppen-data/data/yolo/val/images/img_00015.jpg,/cluster/home/oskarjor/ainm/tasks/norgesgruppen-data/data/yolo/val/labels/img_00015.txt,9,178 0.433366 0.577546 0.038690 0.067130,178,NESCAFE GOLD ORGANIC&FAIRTRADE 100G,146,NESCAFE GULL 200G NESTLE,0.344091,0.679354,"[1252.0, 1645.0, 1369.0, 1848.0]","[1242.2, 1583.9, 1373.2, 1845.7]",Verify GT class vs sibling class; fix inconsistent SKU labeling first.
box_near_miss,0.471294,261,/cluster/home/oskarjor/ainm/tasks/norgesgruppen-data/data/yolo/val/images/img_00261.jpg,/cluster/home/oskarjor/ainm/tasks/norgesgruppen-data/data/yolo/val/labels/img_00261.txt,10,333 0.393375 0.343667 0.077750 0.061333,333,MELBATOAST RUND 110G MEULEN,333,MELBATOAST RUND 110G MEULEN,0.883355,0.466472,"[1418.0, 939.0, 1729.0, 1123.0]","[1571.2, 948.4, 1736.7, 1126.0]",Check bbox tightness/extent for occluded or adjacent items.
box_near_miss,0.467282,270,/cluster/home/oskarjor/ainm/tasks/norgesgruppen-data/data/yolo/val/images/img_00270.jpg,/cluster/home/oskarjor/ainm/tasks/norgesgruppen-data/data/yolo/val/labels/img_00270.txt,23,82 0.610294 0.453053 0.029412 0.077765,82,FRØ & HAVSALT 200G LEKSANDS,82,FRØ & HAVSALT 200G LEKSANDS,0.904901,0.483609,"[2754.0, 1438.0, 2890.0, 1708.0]","[2765.6, 1433.1, 2899.7, 1589.0]",Check bbox tightness/extent for occluded or adjacent items.
box_near_miss,0.455637,296,/cluster/home/oskarjor/ainm/tasks/norgesgruppen-data/data/yolo/val/images/img_00296.jpg,/cluster/home/oskarjor/ainm/tasks/norgesgruppen-data/data/yolo/val/labels/img_00296.txt,93,66 0.790551 0.399967 0.045387 0.022817,66,RYVITA KNEKKEBRØD SESAM 250G,66,RYVITA KNEKKEBRØD SESAM 250G,0.865096,0.47331,"[3096.0, 1175.0, 3279.0, 1244.0]","[3098.5, 1180.2, 3193.3, 1245.6]",Check bbox tightness/extent for occluded or adjacent items.
box_near_miss,0.45126,303,/cluster/home/oskarjor/ainm/tasks/norgesgruppen-data/data/yolo/val/images/img_00303.jpg,/cluster/home/oskarjor/ainm/tasks/norgesgruppen-data/data/yolo/val/labels/img_00303.txt,97,109 0.382688 0.539187 0.073413 0.052579,109,KNEKKEBRØD 100 FRØ&HAVSALT 245G WASA,109,KNEKKEBRØD 100 FRØ&HAVSALT 245G WASA,0.847075,0.467272,"[1395.0, 1551.0, 1691.0, 1710.0]","[1404.1, 1561.6, 1570.2, 1694.0]",Check bbox tightness/extent for occluded or adjacent items.
box_near_miss,0.443799,261,/cluster/home/oskarjor/ainm/tasks/norgesgruppen-data/data/yolo/val/images/img_00261.jpg,/cluster/home/oskarjor/ainm/tasks/norgesgruppen-data/data/yolo/val/labels/img_00261.txt,37,236 0.011750 0.432500 0.023500 0.040333,236,LEKSANDS KNEKKE RUTBIT 200G,236,LEKSANDS KNEKKE RUTBIT 200G,0.723873,0.38691,"[0.0, 1237.0, 94.0, 1358.0]","[0.0, 1246.4, 41.1, 1369.7]",Check bbox tightness/extent for occluded or adjacent items.
box_near_miss,0.443368,261,/cluster/home/oskarjor/ainm/tasks/norgesgruppen-data/data/yolo/val/images/img_00261.jpg,/cluster/home/oskarjor/ainm/tasks/norgesgruppen-data/data/yolo/val/labels/img_00261.txt,31,212 0.202000 0.425667 0.039000 0.039333,212,KNEKKEBRØD 220G SIGDAL,212,KNEKKEBRØD 220G SIGDAL,0.858556,0.483588,"[730.0, 1218.0, 886.0, 1336.0]","[786.5, 1225.1, 913.9, 1328.6]",Check bbox tightness/extent for occluded or adjacent items.
box_near_miss,0.44286,12,/cluster/home/oskarjor/ainm/tasks/norgesgruppen-data/data/yolo/val/images/img_00012.jpg,/cluster/home/oskarjor/ainm/tasks/norgesgruppen-data/data/yolo/val/labels/img_00012.txt,168,282 0.866875 0.859167 0.047750 0.063667,282,FILTERPOSER NR.4 200STK ALI,282,FILTERPOSER NR.4 200STK ALI,0.809754,0.453093,"[3372.0, 2482.0, 3563.0, 2673.0]","[3290.4, 2479.2, 3515.6, 2639.7]",Check bbox tightness/extent for occluded or adjacent items.
box_near_miss,0.442386,304,/cluster/home/oskarjor/ainm/tasks/norgesgruppen-data/data/yolo/val/images/img_00304.jpg,/cluster/home/oskarjor/ainm/tasks/norgesgruppen-data/data/yolo/val/labels/img_00304.txt,11,66 0.553571 0.424769 0.036210 0.053241,66,RYVITA KNEKKEBRØD SESAM 250G,66,RYVITA KNEKKEBRØD SESAM 250G,0.814335,0.456751,"[2159.0, 1204.0, 2305.0, 1365.0]","[2175.2, 1201.7, 2330.9, 1296.4]",Check bbox tightness/extent for occluded or adjacent items.
box_near_miss,0.437218,252,/cluster/home/oskarjor/ainm/tasks/norgesgruppen-data/data/yolo/val/images/img_00252.jpg,/cluster/home/oskarjor/ainm/tasks/norgesgruppen-data/data/yolo/val/labels/img_00252.txt,9,333 0.702000 0.353333 0.083000 0.062000,333,MELBATOAST RUND 110G MEULEN,333,MELBATOAST RUND 110G MEULEN,0.838588,0.478626,"[2642.0, 967.0, 2974.0, 1153.0]","[2662.6, 975.9, 2834.7, 1164.2]",Check bbox tightness/extent for occluded or adjacent items.
box_near_miss,0.405229,261,/cluster/home/oskarjor/ainm/tasks/norgesgruppen-data/data/yolo/val/images/img_00261.jpg,/cluster/home/oskarjor/ainm/tasks/norgesgruppen-data/data/yolo/val/labels/img_00261.txt,81,21 0.295875 0.512667 0.018250 0.062000,21,KNEKKEBRØD RUNDA SESAM&HAVSALT 290G WASA,21,KNEKKEBRØD RUNDA SESAM&HAVSALT 290G WASA,0.74869,0.458749,"[1147.0, 1445.0, 1220.0, 1631.0]","[1160.9, 1449.5, 1273.4, 1632.0]",Check bbox tightness/extent for occluded or adjacent items.
box_near_miss,0.396246,304,/cluster/home/oskarjor/ainm/tasks/norgesgruppen-data/data/yolo/val/images/img_00304.jpg,/cluster/home/oskarjor/ainm/tasks/norgesgruppen-data/data/yolo/val/labels/img_00304.txt,12,66 0.520461 0.424769 0.036458 0.053241,66,RYVITA KNEKKEBRØD SESAM 250G,66,RYVITA KNEKKEBRØD SESAM 250G,0.781042,0.492671,"[2025.0, 1204.0, 2172.0, 1365.0]","[2039.4, 1210.5, 2177.0, 1300.1]",Check bbox tightness/extent for occluded or adjacent items.
class_confusion,0.392485,13,/cluster/home/oskarjor/ainm/tasks/norgesgruppen-data/data/yolo/val/images/img_00013.jpg,/cluster/home/oskarjor/ainm/tasks/norgesgruppen-data/data/yolo/val/labels/img_00013.txt,73,160 0.546000 0.830167 0.020500 0.065667,160,ALI ORIGINAL KOKMALT 250G,171,ALI ORIGINAL FILTERMALT 250G,0.283266,0.556314,"[2143.0, 2392.0, 2225.0, 2589.0]","[2103.0, 2392.5, 2225.4, 2628.8]",Verify GT class vs sibling class; fix inconsistent SKU labeling first.
box_near_miss,0.392232,270,/cluster/home/oskarjor/ainm/tasks/norgesgruppen-data/data/yolo/val/images/img_00270.jpg,/cluster/home/oskarjor/ainm/tasks/norgesgruppen-data/data/yolo/val/labels/img_00270.txt,24,233 0.568231 0.452909 0.039576 0.082085,233,LEKSANDS KNEKKE GODT STEKT 200G,233,LEKSANDS KNEKKE GODT STEKT 200G,0.660644,0.406289,"[2536.0, 1430.0, 2719.0, 1715.0]","[2529.1, 1425.6, 2673.7, 1589.0]",Check bbox tightness/extent for occluded or adjacent items.
box_near_miss,0.38088,36,/cluster/home/oskarjor/ainm/tasks/norgesgruppen-data/data/yolo/val/images/img_00036.jpg,/cluster/home/oskarjor/ainm/tasks/norgesgruppen-data/data/yolo/val/labels/img_00036.txt,27,63 0.383681 0.873677 0.048115 0.083995,63,ALI MØRKBRENT FILTERMALT 250G,63,ALI MØRKBRENT FILTERMALT 250G,0.720019,0.471014,"[1450.0, 2515.0, 1644.0, 2769.0]","[1475.2, 2552.6, 1607.6, 2727.9]",Check bbox tightness/extent for occluded or adjacent items.
box_near_miss,0.375172,304,/cluster/home/oskarjor/ainm/tasks/norgesgruppen-data/data/yolo/val/images/img_00304.jpg,/cluster/home/oskarjor/ainm/tasks/norgesgruppen-data/data/yolo/val/labels/img_00304.txt,128,68 0.267113 0.340112 0.009921 0.028108,68,MAISKAKER SOURCREAM&ONION 125G FRIGGS,68,MAISKAKER SOURCREAM&ONION 125G FRIGGS,0.673316,0.4428,"[1057.0, 986.0, 1097.0, 1071.0]","[1052.9, 987.3, 1142.4, 1071.2]",Check bbox tightness/extent for occluded or adjacent items.
box_near_miss,0.374778,15,/cluster/home/oskarjor/ainm/tasks/norgesgruppen-data/data/yolo/val/images/img_00015.jpg,/cluster/home/oskarjor/ainm/tasks/norgesgruppen-data/data/yolo/val/labels/img_00015.txt,53,337 0.898148 0.365079 0.056878 0.063492,337,FEEL NEW URTETE ØKOLOGISK 20POS PUKKA,337,FEEL NEW URTETE ØKOLOGISK 20POS PUKKA,0.746879,0.498208,"[2630.0, 1008.0, 2802.0, 1200.0]","[2626.7, 1010.4, 2726.2, 1184.4]",Check bbox tightness/extent for occluded or adjacent items.
box_near_miss,0.358388,272,/cluster/home/oskarjor/ainm/tasks/norgesgruppen-data/data/yolo/val/images/img_00272.jpg,/cluster/home/oskarjor/ainm/tasks/norgesgruppen-data/data/yolo/val/labels/img_00272.txt,35,82 0.286875 0.526333 0.051750 0.048000,82,FRØ & HAVSALT 200G LEKSANDS,82,FRØ & HAVSALT 200G LEKSANDS,0.706427,0.492676,"[1044.0, 1507.0, 1251.0, 1651.0]","[1129.4, 1508.1, 1283.4, 1656.4]",Check bbox tightness/extent for occluded or adjacent items.
class_confusion,0.338236,36,/cluster/home/oskarjor/ainm/tasks/norgesgruppen-data/data/yolo/val/images/img_00036.jpg,/cluster/home/oskarjor/ainm/tasks/norgesgruppen-data/data/yolo/val/labels/img_00036.txt,105,259 0.942708 0.606316 0.051587 0.064484,259,REGIA KAKAO ORIGINAL 260G,56,SJOKOLADEDRIKK 10PK 320G REGIA,0.104538,0.688784,"[3697.0, 1736.0, 3905.0, 1931.0]","[3735.1, 1745.2, 3924.3, 1939.9]",Verify GT class vs sibling class; fix inconsistent SKU labeling first.
box_near_miss,0.327718,304,/cluster/home/oskarjor/ainm/tasks/norgesgruppen-data/data/yolo/val/images/img_00304.jpg,/cluster/home/oskarjor/ainm/tasks/norgesgruppen-data/data/yolo/val/labels/img_00304.txt,126,188 0.238963 0.350529 0.008185 0.023148,188,MAISKAKER POPCORN 125G FRIGGS,188,MAISKAKER POPCORN 125G FRIGGS,0.53191,0.383884,"[947.0, 1025.0, 980.0, 1095.0]","[906.2, 1023.1, 985.8, 1098.7]",Check bbox tightness/extent for occluded or adjacent items.
box_near_miss,0.319033,303,/cluster/home/oskarjor/ainm/tasks/norgesgruppen-data/data/yolo/val/images/img_00303.jpg,/cluster/home/oskarjor/ainm/tasks/norgesgruppen-data/data/yolo/val/labels/img_00303.txt,40,73 0.393353 0.318287 0.053571 0.047950,73,MELLOMBAR SJOKOLADE&KRISP 138G ELDORADO,73,MELLOMBAR SJOKOLADE&KRISP 138G ELDORADO,0.546685,0.416422,"[1478.0, 890.0, 1694.0, 1035.0]","[1574.1, 889.9, 1723.6, 1011.3]",Check bbox tightness/extent for occluded or adjacent items.
class_confusion,0.297303,13,/cluster/home/oskarjor/ainm/tasks/norgesgruppen-data/data/yolo/val/images/img_00013.jpg,/cluster/home/oskarjor/ainm/tasks/norgesgruppen-data/data/yolo/val/labels/img_00013.txt,85,160 0.738375 0.881333 0.031250 0.075333,160,ALI ORIGINAL KOKMALT 250G,171,ALI ORIGINAL FILTERMALT 250G,0.000782,0.742084,"[2891.0, 2531.0, 3016.0, 2757.0]","[2897.2, 2536.0, 3016.9, 2814.9]",Verify GT class vs sibling class; fix inconsistent SKU labeling first.
box_near_miss,0.292559,108,/cluster/home/oskarjor/ainm/tasks/norgesgruppen-data/data/yolo/val/images/img_00108.jpg,/cluster/home/oskarjor/ainm/tasks/norgesgruppen-data/data/yolo/val/labels/img_00108.txt,45,275 0.585483 0.586806 0.179563 0.044147,275,EGG FRITTGÅENDE 18STK S/M FIRST PRICE,275,EGG FRITTGÅENDE 18STK S/M FIRST PRICE,0.572455,0.48894,"[1499.0, 2277.0, 2042.0, 2455.0]","[1631.4, 2277.8, 2050.7, 2394.1]",Check bbox tightness/extent for occluded or adjacent items.
box_near_miss,0.291039,36,/cluster/home/oskarjor/ainm/tasks/norgesgruppen-data/data/yolo/val/images/img_00036.jpg,/cluster/home/oskarjor/ainm/tasks/norgesgruppen-data/data/yolo/val/labels/img_00036.txt,25,63 0.454117 0.873677 0.041171 0.083995,63,ALI MØRKBRENT FILTERMALT 250G,63,ALI MØRKBRENT FILTERMALT 250G,0.561064,0.481272,"[1748.0, 2515.0, 1914.0, 2769.0]","[1740.1, 2543.6, 1864.6, 2723.5]",Check bbox tightness/extent for occluded or adjacent items.
box_near_miss,0.290127,304,/cluster/home/oskarjor/ainm/tasks/norgesgruppen-data/data/yolo/val/images/img_00304.jpg,/cluster/home/oskarjor/ainm/tasks/norgesgruppen-data/data/yolo/val/labels/img_00304.txt,125,188 0.229787 0.352513 0.010169 0.023810,188,MAISKAKER POPCORN 125G FRIGGS,188,MAISKAKER POPCORN 125G FRIGGS,0.53191,0.454557,"[906.0, 1030.0, 947.0, 1102.0]","[906.2, 1023.1, 985.8, 1098.7]",Check bbox tightness/extent for occluded or adjacent items.
class_confusion,0.275154,12,/cluster/home/oskarjor/ainm/tasks/norgesgruppen-data/data/yolo/val/images/img_00012.jpg,/cluster/home/oskarjor/ainm/tasks/norgesgruppen-data/data/yolo/val/labels/img_00012.txt,21,160 0.419750 0.572500 0.040500 0.075667,160,ALI ORIGINAL KOKMALT 250G,171,ALI ORIGINAL FILTERMALT 250G,0.00197,0.684929,"[1598.0, 1604.0, 1760.0, 1831.0]","[1557.5, 1620.9, 1776.1, 1835.7]",Verify GT class vs sibling class; fix inconsistent SKU labeling first.
box_near_miss,0.269785,304,/cluster/home/oskarjor/ainm/tasks/norgesgruppen-data/data/yolo/val/images/img_00304.jpg,/cluster/home/oskarjor/ainm/tasks/norgesgruppen-data/data/yolo/val/labels/img_00304.txt,6,5 0.343626 0.322090 0.031994 0.030423,5,GRISSINI HVITLØK 125G GRANFORNO,5,GRISSINI HVITLØK 125G GRANFORNO,0.480766,0.438844,"[1321.0, 928.0, 1450.0, 1020.0]","[1306.4, 913.7, 1554.9, 1016.4]",Check bbox tightness/extent for occluded or adjacent items.
box_near_miss,0.258774,304,/cluster/home/oskarjor/ainm/tasks/norgesgruppen-data/data/yolo/val/images/img_00304.jpg,/cluster/home/oskarjor/ainm/tasks/norgesgruppen-data/data/yolo/val/labels/img_00304.txt,5,5 0.369916 0.317295 0.031994 0.031415,5,GRISSINI HVITLØK 125G GRANFORNO,5,GRISSINI HVITLØK 125G GRANFORNO,0.480766,0.461747,"[1427.0, 912.0, 1556.0, 1007.0]","[1306.4, 913.7, 1554.9, 1016.4]",Check bbox tightness/extent for occluded or adjacent items.
box_near_miss,0.254572,152,/cluster/home/oskarjor/ainm/tasks/norgesgruppen-data/data/yolo/val/images/img_00152.jpeg,/cluster/home/oskarjor/ainm/tasks/norgesgruppen-data/data/yolo/val/labels/img_00152.txt,58,268 0.868056 0.637401 0.023313 0.038690,268,SUPERGRØT KANEL&PUFFET QUINOA 54G,268,SUPERGRØT KANEL&PUFFET QUINOA 54G,0.480809,0.470535,"[3453.0, 1869.0, 3547.0, 1986.0]","[3415.4, 1875.9, 3524.6, 1971.9]",Check bbox tightness/extent for occluded or adjacent items.
box_near_miss,0.249128,300,/cluster/home/oskarjor/ainm/tasks/norgesgruppen-data/data/yolo/val/images/img_00300.jpg,/cluster/home/oskarjor/ainm/tasks/norgesgruppen-data/data/yolo/val/labels/img_00300.txt,45,338 0.073578 0.878844 0.138558 0.101438,338,HUSMAN KNEKKEBRØD 520G WASA,338,HUSMAN KNEKKEBRØD 520G WASA,0.458018,0.456074,"[13.0, 3339.0, 432.0, 3748.0]","[4.6, 3531.2, 396.9, 3771.7]",Check bbox tightness/extent for occluded or adjacent items.
box_near_miss,0.240612,89,/cluster/home/oskarjor/ainm/tasks/norgesgruppen-data/data/yolo/val/images/img_00089.jpg,/cluster/home/oskarjor/ainm/tasks/norgesgruppen-data/data/yolo/val/labels/img_00089.txt,35,110 0.076224 0.549231 0.151786 0.055804,110,BREMYKT 250G,110,BREMYKT 250G,0.474971,0.493418,"[1.0, 2102.0, 460.0, 2327.0]","[9.2, 2110.4, 338.6, 2265.1]",Check bbox tightness/extent for occluded or adjacent items.
class_confusion,0.227954,304,/cluster/home/oskarjor/ainm/tasks/norgesgruppen-data/data/yolo/val/images/img_00304.jpg,/cluster/home/oskarjor/ainm/tasks/norgesgruppen-data/data/yolo/val/labels/img_00304.txt,139,345 0.341766 0.384590 0.026290 0.031085,345,KNEKKEBRØD URTER&HAVSALT 220G SIGDAL,92,KNEKKEBRØD GODT FOR DEG 235G SIGDAL,0.026325,0.530397,"[1325.0, 1116.0, 1431.0, 1210.0]","[1352.8, 1131.5, 1428.3, 1201.5]",Verify GT class vs sibling class; fix inconsistent SKU labeling first.
box_near_miss,0.223829,12,/cluster/home/oskarjor/ainm/tasks/norgesgruppen-data/data/yolo/val/images/img_00012.jpg,/cluster/home/oskarjor/ainm/tasks/norgesgruppen-data/data/yolo/val/labels/img_00012.txt,58,100 0.176625 0.889000 0.037250 0.082667,100,EVERGOOD CLASSIC FILTERMALT 250G,100,EVERGOOD CLASSIC FILTERMALT 250G,0.429156,0.478443,"[632.0, 2543.0, 781.0, 2791.0]","[620.7, 2554.2, 727.7, 2750.0]",Check bbox tightness/extent for occluded or adjacent items.
box_near_miss,0.209634,304,/cluster/home/oskarjor/ainm/tasks/norgesgruppen-data/data/yolo/val/images/img_00304.jpg,/cluster/home/oskarjor/ainm/tasks/norgesgruppen-data/data/yolo/val/labels/img_00304.txt,9,0 0.413938 0.376819 0.026290 0.030754,0,FRØKRISP KNEKKEBRØD ØKOLOGISK 170G BERIT,0,FRØKRISP KNEKKEBRØD ØKOLOGISK 170G BERIT,0.349879,0.400837,"[1616.0, 1093.0, 1722.0, 1186.0]","[1656.1, 1078.0, 1712.4, 1169.2]",Check bbox tightness/extent for occluded or adjacent items.
box_near_miss,0.19738,304,/cluster/home/oskarjor/ainm/tasks/norgesgruppen-data/data/yolo/val/images/img_00304.jpg,/cluster/home/oskarjor/ainm/tasks/norgesgruppen-data/data/yolo/val/labels/img_00304.txt,107,349 0.305928 0.500331 0.012649 0.016534,349,KNEKKEBRØD SPORT+ 210G WASA,349,KNEKKEBRØD SPORT+ 210G WASA,0.351233,0.438038,"[1208.0, 1488.0, 1259.0, 1538.0]","[1211.4, 1487.6, 1307.1, 1542.6]",Check bbox tightness/extent for occluded or adjacent items.
box_near_miss,0.188817,116,/cluster/home/oskarjor/ainm/tasks/norgesgruppen-data/data/yolo/val/images/img_00116.jpg,/cluster/home/oskarjor/ainm/tasks/norgesgruppen-data/data/yolo/val/labels/img_00116.txt,68,186 0.880833 0.726250 0.076333 0.048500,186,SUPERGRØT SKOGSBÆR 57G BARE BRA,186,SUPERGRØT SKOGSBÆR 57G BARE BRA,0.37583,0.4976,"[2528.0, 2808.0, 2757.0, 3002.0]","[2507.5, 2837.4, 2730.2, 3087.7]",Check bbox tightness/extent for occluded or adjacent items.
box_near_miss,0.186421,304,/cluster/home/oskarjor/ainm/tasks/norgesgruppen-data/data/yolo/val/images/img_00304.jpg,/cluster/home/oskarjor/ainm/tasks/norgesgruppen-data/data/yolo/val/labels/img_00304.txt,106,349 0.318700 0.500000 0.016369 0.017196,349,KNEKKEBRØD SPORT+ 210G WASA,349,KNEKKEBRØD SPORT+ 210G WASA,0.351233,0.469237,"[1252.0, 1486.0, 1318.0, 1538.0]","[1211.4, 1487.6, 1307.1, 1542.6]",Check bbox tightness/extent for occluded or adjacent items.
box_near_miss,0.164792,13,/cluster/home/oskarjor/ainm/tasks/norgesgruppen-data/data/yolo/val/images/img_00013.jpg,/cluster/home/oskarjor/ainm/tasks/norgesgruppen-data/data/yolo/val/labels/img_00013.txt,30,225 0.435375 0.180000 0.031750 0.058667,225,EVERGOOD CLASSIC KAFFEKAPSEL 10STK,225,EVERGOOD CLASSIC KAFFEKAPSEL 10STK,0.313781,0.474819,"[1678.0, 452.0, 1805.0, 628.0]","[1661.7, 396.0, 1800.9, 576.3]",Check bbox tightness/extent for occluded or adjacent items.
box_near_miss,0.138691,270,/cluster/home/oskarjor/ainm/tasks/norgesgruppen-data/data/yolo/val/images/img_00270.jpg,/cluster/home/oskarjor/ainm/tasks/norgesgruppen-data/data/yolo/val/labels/img_00270.txt,25,233 0.499892 0.451037 0.031791 0.082949,233,LEKSANDS KNEKKE GODT STEKT 200G,233,LEKSANDS KNEKKE GODT STEKT 200G,0.241799,0.42642,"[2238.0, 1422.0, 2385.0, 1710.0]","[2216.4, 1554.4, 2371.8, 1699.3]",Check bbox tightness/extent for occluded or adjacent items.
box_near_miss,0.127473,302,/cluster/home/oskarjor/ainm/tasks/norgesgruppen-data/data/yolo/val/images/img_00302.jpg,/cluster/home/oskarjor/ainm/tasks/norgesgruppen-data/data/yolo/val/labels/img_00302.txt,107,21 0.631076 0.573413 0.012649 0.060847,21,KNEKKEBRØD RUNDA SESAM&HAVSALT 290G WASA,21,KNEKKEBRØD RUNDA SESAM&HAVSALT 290G WASA,0.1517,0.362636,"[2519.0, 1642.0, 2570.0, 1826.0]","[2452.0, 1643.3, 2563.2, 1831.8]",Check bbox tightness/extent for occluded or adjacent items.
box_near_miss,0.126441,75,/cluster/home/oskarjor/ainm/tasks/norgesgruppen-data/data/yolo/val/images/img_00075.jpg,/cluster/home/oskarjor/ainm/tasks/norgesgruppen-data/data/yolo/val/labels/img_00075.txt,136,80 0.584293 0.912060 0.122533 0.023116,80,FROKOSTEGG FRITTGÅENDE L 12STK PRIOR,80,FROKOSTEGG FRITTGÅENDE L 12STK PRIOR,0.1454,0.367797,"[636.0, 896.0, 785.0, 919.0]","[634.3, 891.6, 794.4, 949.8]",Check bbox tightness/extent for occluded or adjacent items.
box_near_miss,0.125287,183,/cluster/home/oskarjor/ainm/tasks/norgesgruppen-data/data/yolo/val/images/img_00183.jpeg,/cluster/home/oskarjor/ainm/tasks/norgesgruppen-data/data/yolo/val/labels/img_00183.txt,106,7 0.845238 0.700397 0.064484 0.062169,7,PUFFET HAVRE 340G FIRST PRICE,7,PUFFET HAVRE 340G FIRST PRICE,0.002501,0.373563,"[3278.0, 2024.0, 3538.0, 2212.0]","[3268.3, 2036.4, 3520.0, 2113.0]",Check bbox tightness/extent for occluded or adjacent items.
box_near_miss,0.123298,254,/cluster/home/oskarjor/ainm/tasks/norgesgruppen-data/data/yolo/val/images/img_00254.jpg,/cluster/home/oskarjor/ainm/tasks/norgesgruppen-data/data/yolo/val/labels/img_00254.txt,18,349 0.988011 0.589750 0.023091 0.056000,349,KNEKKEBRØD SPORT+ 210G WASA,349,KNEKKEBRØD SPORT+ 210G WASA,0.210905,0.415388,"[2199.0, 2247.0, 2251.0, 2471.0]","[2143.1, 2225.1, 2252.0, 2482.6]",Check bbox tightness/extent for occluded or adjacent items.
box_near_miss,0.122767,304,/cluster/home/oskarjor/ainm/tasks/norgesgruppen-data/data/yolo/val/images/img_00304.jpg,/cluster/home/oskarjor/ainm/tasks/norgesgruppen-data/data/yolo/val/labels/img_00304.txt,111,244 0.309772 0.426422 0.011409 0.013558,244,RUGSPRØ HAVRE 180G WASA,244,RUGSPRØ HAVRE 180G WASA,0.064671,0.386167,"[1226.0, 1269.0, 1272.0, 1310.0]","[1211.2, 1243.8, 1274.3, 1321.2]",Check bbox tightness/extent for occluded or adjacent items.
box_near_miss,0.12119,303,/cluster/home/oskarjor/ainm/tasks/norgesgruppen-data/data/yolo/val/images/img_00303.jpg,/cluster/home/oskarjor/ainm/tasks/norgesgruppen-data/data/yolo/val/labels/img_00303.txt,22,307 0.834821 0.085813 0.035714 0.020833,307,MAISKAKER OST 125G FRIGGS,307,MAISKAKER OST 125G FRIGGS,0.058684,0.39405,"[3294.0, 228.0, 3438.0, 291.0]","[3313.3, 234.5, 3428.9, 355.9]",Check bbox tightness/extent for occluded or adjacent items.
box_near_miss,0.121032,303,/cluster/home/oskarjor/ainm/tasks/norgesgruppen-data/data/yolo/val/images/img_00303.jpg,/cluster/home/oskarjor/ainm/tasks/norgesgruppen-data/data/yolo/val/labels/img_00303.txt,20,307 0.801711 0.108300 0.057788 0.061177,307,MAISKAKER OST 125G FRIGGS,307,MAISKAKER OST 125G FRIGGS,0.000806,0.394839,"[3116.0, 235.0, 3349.0, 420.0]","[3031.3, 255.3, 3338.3, 536.2]",Check bbox tightness/extent for occluded or adjacent items.
box_near_miss,0.119384,12,/cluster/home/oskarjor/ainm/tasks/norgesgruppen-data/data/yolo/val/images/img_00012.jpg,/cluster/home/oskarjor/ainm/tasks/norgesgruppen-data/data/yolo/val/labels/img_00012.txt,90,100 0.303000 0.703167 0.028500 0.079000,100,EVERGOOD CLASSIC FILTERMALT 250G,100,EVERGOOD CLASSIC FILTERMALT 250G,0.135884,0.40308,"[1155.0, 1991.0, 1269.0, 2228.0]","[1134.1, 1921.8, 1343.5, 2241.9]",Check bbox tightness/extent for occluded or adjacent items.
box_near_miss,0.114938,251,/cluster/home/oskarjor/ainm/tasks/norgesgruppen-data/data/yolo/val/images/img_00251.jpg,/cluster/home/oskarjor/ainm/tasks/norgesgruppen-data/data/yolo/val/labels/img_00251.txt,77,85 0.177375 0.908000 0.031250 0.143333,85,RIS PUFFET 260G FIRST PRICE,85,RIS PUFFET 260G FIRST PRICE,0.008738,0.42531,"[647.0, 2509.0, 772.0, 2939.0]","[543.4, 2547.8, 816.6, 2916.7]",Check bbox tightness/extent for occluded or adjacent items.
box_near_miss,0.113845,62,/cluster/home/oskarjor/ainm/tasks/norgesgruppen-data/data/yolo/val/images/img_00062.jpg,/cluster/home/oskarjor/ainm/tasks/norgesgruppen-data/data/yolo/val/labels/img_00062.txt,58,100 0.441111 0.871951 0.045185 0.056098,100,EVERGOOD CLASSIC FILTERMALT 250G,100,EVERGOOD CLASSIC FILTERMALT 250G,0.064273,0.430773,"[565.0, 1038.0, 626.0, 1107.0]","[580.6, 1048.8, 623.9, 1144.9]",Check bbox tightness/extent for occluded or adjacent items.
box_near_miss,0.113721,195,/cluster/home/oskarjor/ainm/tasks/norgesgruppen-data/data/yolo/val/images/img_00195.jpg,/cluster/home/oskarjor/ainm/tasks/norgesgruppen-data/data/yolo/val/labels/img_00195.txt,54,78 0.882647 0.526382 0.024969 0.090452,78,MUSLI HAVRE&MANDEL 400G BARE BRA,78,MUSLI HAVRE&MANDEL 400G BARE BRA,0.000503,0.431395,"[697.0, 383.0, 717.0, 455.0]","[677.3, 379.1, 715.5, 457.1]",Check bbox tightness/extent for occluded or adjacent items.
box_near_miss,0.110412,108,/cluster/home/oskarjor/ainm/tasks/norgesgruppen-data/data/yolo/val/images/img_00108.jpg,/cluster/home/oskarjor/ainm/tasks/norgesgruppen-data/data/yolo/val/labels/img_00108.txt,46,275 0.587632 0.555184 0.204365 0.047867,275,EGG FRITTGÅENDE 18STK S/M FIRST PRICE,275,EGG FRITTGÅENDE 18STK S/M FIRST PRICE,0.001724,0.44794,"[1468.0, 2142.0, 2086.0, 2335.0]","[1590.8, 2203.1, 2067.2, 2379.1]",Check bbox tightness/extent for occluded or adjacent items.
box_near_miss,0.107465,116,/cluster/home/oskarjor/ainm/tasks/norgesgruppen-data/data/yolo/val/images/img_00116.jpg,/cluster/home/oskarjor/ainm/tasks/norgesgruppen-data/data/yolo/val/labels/img_00116.txt,65,186 0.885667 0.771125 0.088000 0.085250,186,SUPERGRØT SKOGSBÆR 57G BARE BRA,186,SUPERGRØT SKOGSBÆR 57G BARE BRA,0.002749,0.462673,"[2525.0, 2914.0, 2789.0, 3255.0]","[2503.1, 2999.2, 2699.7, 3252.3]",Check bbox tightness/extent for occluded or adjacent items.
box_near_miss,0.105208,251,/cluster/home/oskarjor/ainm/tasks/norgesgruppen-data/data/yolo/val/images/img_00251.jpg,/cluster/home/oskarjor/ainm/tasks/norgesgruppen-data/data/yolo/val/labels/img_00251.txt,53,235 0.815625 0.896000 0.065750 0.038667,235,FLATBRØD ØKOLOGISK 190G RØROS,235,FLATBRØD ØKOLOGISK 190G RØROS,0.003608,0.473958,"[3131.0, 2630.0, 3394.0, 2746.0]","[3133.8, 2577.7, 3467.3, 2730.8]",Check bbox tightness/extent for occluded or adjacent items.
box_near_miss,0.104358,152,/cluster/home/oskarjor/ainm/tasks/norgesgruppen-data/data/yolo/val/images/img_00152.jpeg,/cluster/home/oskarjor/ainm/tasks/norgesgruppen-data/data/yolo/val/labels/img_00152.txt,56,268 0.894221 0.634425 0.021577 0.033399,268,SUPERGRØT KANEL&PUFFET QUINOA 54G,268,SUPERGRØT KANEL&PUFFET QUINOA 54G,0.001538,0.478212,"[3562.0, 1868.0, 3649.0, 1969.0]","[3567.2, 1823.1, 3665.6, 1953.5]",Check bbox tightness/extent for occluded or adjacent items.
box_near_miss,0.103635,243,/cluster/home/oskarjor/ainm/tasks/norgesgruppen-data/data/yolo/val/images/img_00243.jpg,/cluster/home/oskarjor/ainm/tasks/norgesgruppen-data/data/yolo/val/labels/img_00243.txt,4,305 0.389937 0.315352 0.117400 0.072669,305,GRANOLA KAKAO&BRINGEBÆR 430G BARE BRA,305,GRANOLA KAKAO&BRINGEBÆR 430G BARE BRA,0.000579,0.481823,"[632.0, 1125.0, 856.0, 1418.0]","[667.6, 1187.7, 811.8, 1407.0]",Check bbox tightness/extent for occluded or adjacent items.
box_near_miss,0.101442,251,/cluster/home/oskarjor/ainm/tasks/norgesgruppen-data/data/yolo/val/images/img_00251.jpg,/cluster/home/oskarjor/ainm/tasks/norgesgruppen-data/data/yolo/val/labels/img_00251.txt,24,86 0.512625 0.750833 0.061750 0.039667,86,HAVRE KNEKKEBRØD 300G WASA,86,HAVRE KNEKKEBRØD 300G WASA,0.002064,0.492789,"[1927.0, 2193.0, 2174.0, 2312.0]","[1930.2, 2240.7, 2175.6, 2335.5]",Check bbox tightness/extent for occluded or adjacent items.
box_near_miss,0.100443,152,/cluster/home/oskarjor/ainm/tasks/norgesgruppen-data/data/yolo/val/images/img_00152.jpeg,/cluster/home/oskarjor/ainm/tasks/norgesgruppen-data/data/yolo/val/labels/img_00152.txt,27,214 0.818576 0.733631 0.056300 0.108135,214,HAVREGRØT ROSIN&VANILJE 525G AXA,214,HAVREGRØT ROSIN&VANILJE 525G AXA,0.016794,0.497785,"[3187.0, 2055.0, 3414.0, 2382.0]","[3256.6, 2074.1, 3400.6, 2330.7]",Check bbox tightness/extent for occluded or adjacent items.
